Sumber Air,No. Permohonan,Nama Lokasi,Lokasi Contoh Uji,Titik Koordinat,Parameter,Satuan,Tahun,Bulan,Konsentrasi,Baku Mutu,Metode Uji
Air Sungai,44,Sungai Code Jembatan Gondolayu,"Jl. Jend. Sudirman No.33, Cokrodiningratan, Kec. Jetis, Kota Yogyakarta, Daerah Istimewa Yogyakarta 55233, Indonesia","-7.782707,110.370940",Residu Terlarut (TDS),mg/L,2021,Juli,182.0,1000,TDS portablemeter
Air Sungai,44,Sungai Code Jembatan Gondolayu,"Jl. Jend. Sudirman No.33, Cokrodiningratan, Kec. Jetis, Kota Yogyakarta, Daerah Istimewa Yogyakarta 55233, Indonesia","-7.782707,110.370940",Residu Tersuspensi (TSS),mg/L,2021,Juli,4.4,75,SNI  6989.3 - 2019
Air Sungai,44,Sungai Code Jembatan Gondolayu,"Jl. Jend. Sudirman No.33, Cokrodiningratan, Kec. Jetis, Kota Yogyakarta, Daerah Istimewa Yogyakarta 55233, Indonesia","-7.782707,110.370940",Suhu,?C,2021,Juli,28.2,suhu udara ? 3?C,SNI 06 - 6989.23 - 2005
Air Sungai,44,Sungai Code Jembatan Gondolayu,"Jl. Jend. Sudirman No.33, Cokrodiningratan, Kec. Jetis, Kota Yogyakarta, Daerah Istimewa Yogyakarta 55233, Indonesia","-7.782707,110.370940",DHL,?mhos/cm,2021,Juli,364.0,Tidak dipersyaratkan,SNI 6989.1:2019
Air Sungai,44,Sungai Code Jembatan Gondolayu,"Jl. Jend. Sudirman No.33, Cokrodiningratan, Kec. Jetis, Kota Yogyakarta, Daerah Istimewa Yogyakarta 55233, Indonesia","-7.782707,110.370940",Warna,TCU,2021,Juli,39.8,50,SNI 6989.80:2011
Air Sungai,44,Sungai Code Jembatan Gondolayu,"Jl. Jend. Sudirman No.33, Cokrodiningratan, Kec. Jetis, Kota Yogyakarta, Daerah Istimewa Yogyakarta 55233, Indonesia","-7.782707,110.370940",Fluorida,mg/L,2021,Juli,0.37,1.5,SNI 06-6989.29-2005
Air Sungai,44,Sungai Code Jembatan Gondolayu,"Jl. Jend. Sudirman No.33, Cokrodiningratan, Kec. Jetis, Kota Yogyakarta, Daerah Istimewa Yogyakarta 55233, Indonesia","-7.782707,110.370940",Suhu Udara,?C,2021,Juli,0.0,suhu udara +-3,SNI 06-6989.23-2005
Air Sungai,44,Sungai Code Jembatan Gondolayu,"Jl. Jend. Sudirman No.33, Cokrodiningratan, Kec. Jetis, Kota Yogyakarta, Daerah Istimewa Yogyakarta 55233, Indonesia","-7.782707,110.370940",Nitrit ,mg/L,2021,Juli,0.114,Tidak dipersyaratkan,SNI-06-6989-9-2004
Air Sungai,44,Sungai Code Jembatan Gondolayu,"Jl. Jend. Sudirman No.33, Cokrodiningratan, Kec. Jetis, Kota Yogyakarta, Daerah Istimewa Yogyakarta 55233, Indonesia","-7.782707,110.370940",pH,,2021,Juli,7.31,9-Jun,SNI 6989.11 : 2019
Air Sungai,44,Sungai Code Jembatan Gondolayu,"Jl. Jend. Sudirman No.33, Cokrodiningratan, Kec. Jetis, Kota Yogyakarta, Daerah Istimewa Yogyakarta 55233, Indonesia","-7.782707,110.370940",klorida,mg/L,2021,Juli,20.0,800,SNI 6989.19-2009
Air Sungai,44,Sungai Code Jembatan Gondolayu,"Jl. Jend. Sudirman No.33, Cokrodiningratan, Kec. Jetis, Kota Yogyakarta, Daerah Istimewa Yogyakarta 55233, Indonesia","-7.782707,110.370940",COD,mg/L,2021,Juli,21.5,25,SNI 6989.2-2019
Air Sungai,44,Sungai Code Jembatan Gondolayu,"Jl. Jend. Sudirman No.33, Cokrodiningratan, Kec. Jetis, Kota Yogyakarta, Daerah Istimewa Yogyakarta 55233, Indonesia","-7.782707,110.370940",BOD,mg/L,2021,Juli,2.5,3,SNI 6989.72 :2009
Air Sungai,44,Sungai Code Jembatan Gondolayu,"Jl. Jend. Sudirman No.33, Cokrodiningratan, Kec. Jetis, Kota Yogyakarta, Daerah Istimewa Yogyakarta 55233, Indonesia","-7.782707,110.370940",DO,mg/L,2021,Juli,6.3,4,APHA 4500-O G. 2017
Air Sungai,44,Sungai Code Jembatan Gondolayu,"Jl. Jend. Sudirman No.33, Cokrodiningratan, Kec. Jetis, Kota Yogyakarta, Daerah Istimewa Yogyakarta 55233, Indonesia","-7.782707,110.370940",Cu Terlarut,mg/L,2021,Juli,0.018,0.02,SNI 6989.6: 2009
Air Sungai,44,Sungai Code Jembatan Gondolayu,"Jl. Jend. Sudirman No.33, Cokrodiningratan, Kec. Jetis, Kota Yogyakarta, Daerah Istimewa Yogyakarta 55233, Indonesia","-7.782707,110.370940",Zn Terlarut,mg/L,2021,Juli,0.015,Tidak dipersyaratkan,SNI-06-6989.84:2019
Air Sungai,44,Sungai Code Jembatan Gondolayu,"Jl. Jend. Sudirman No.33, Cokrodiningratan, Kec. Jetis, Kota Yogyakarta, Daerah Istimewa Yogyakarta 55233, Indonesia","-7.782707,110.370940",Klorin total,mg/L,2021,Juli,0.08,0.03,Merck Colorimetric DPD
Air Sungai,44,Sungai Code Jembatan Gondolayu,"Jl. Jend. Sudirman No.33, Cokrodiningratan, Kec. Jetis, Kota Yogyakarta, Daerah Istimewa Yogyakarta 55233, Indonesia","-7.782707,110.370940",Fosfat,mg/L,2021,Juli,0.61,Tidak dipersyaratkan,SNI 6989-31:2021
Air Sungai,44,Sungai Code Jembatan Gondolayu,"Jl. Jend. Sudirman No.33, Cokrodiningratan, Kec. Jetis, Kota Yogyakarta, Daerah Istimewa Yogyakarta 55233, Indonesia","-7.782707,110.370940",Nitrat,mg/L,2021,Juli,10.7,10,APHA 4500-NO3-B 2019
Air Sungai,44,Sungai Code Jembatan Gondolayu,"Jl. Jend. Sudirman No.33, Cokrodiningratan, Kec. Jetis, Kota Yogyakarta, Daerah Istimewa Yogyakarta 55233, Indonesia","-7.782707,110.370940",Sianida,mg/L,2021,Juli,0.0,"0,02",Cyanide tes_Spectroquant
Mikrobiologi Air Sungai,45,Sungai Code Jembatan Gondolayu,"Jl. Jend. Sudirman No.33, Cokrodiningratan, Kec. Jetis, Kota Yogyakarta, Daerah Istimewa Yogyakarta 55233, Indonesia","-7.782707,110.370940",Faecal Coliform,MPN/100 ml,2021,Juli,220.0,1000,"APHA 22nd Edition, 9221 E, 2012"
Mikrobiologi Air Sungai,45,Sungai Code Jembatan Gondolayu,"Jl. Jend. Sudirman No.33, Cokrodiningratan, Kec. Jetis, Kota Yogyakarta, Daerah Istimewa Yogyakarta 55233, Indonesia","-7.782707,110.370940",Total coliform,MPN/100 ml,2021,Juli,170.0,5000,"APHA 22nd Edition, 9221 B, 2012"
Air Sungai,67,Sungai Code Jembatan Gondolayu,"Jl. Jend. Sudirman No.33, Cokrodiningratan, Kec. Jetis, Kota Yogyakarta, Daerah Istimewa Yogyakarta 55233, Indonesia","-7.782707,110.370940",Residu Terlarut (TDS),mg/L,2021,Agustus,205.0,1000,TDS portablemeter
Air Sungai,67,Sungai Code Jembatan Gondolayu,"Jl. Jend. Sudirman No.33, Cokrodiningratan, Kec. Jetis, Kota Yogyakarta, Daerah Istimewa Yogyakarta 55233, Indonesia","-7.782707,110.370940",Residu Tersuspensi (TSS),mg/L,2021,Agustus,1.2,75,SNI  6989.3 - 2019
Air Sungai,67,Sungai Code Jembatan Gondolayu,"Jl. Jend. Sudirman No.33, Cokrodiningratan, Kec. Jetis, Kota Yogyakarta, Daerah Istimewa Yogyakarta 55233, Indonesia","-7.782707,110.370940",Suhu,?C,2021,Agustus,29.2,suhu udara ? 3?C,SNI 06 - 6989.23 - 2005
Air Sungai,67,Sungai Code Jembatan Gondolayu,"Jl. Jend. Sudirman No.33, Cokrodiningratan, Kec. Jetis, Kota Yogyakarta, Daerah Istimewa Yogyakarta 55233, Indonesia","-7.782707,110.370940",DHL,?mhos/cm,2021,Agustus,408.0,Tidak dipersyaratkan,SNI 6989.1:2019
Air Sungai,67,Sungai Code Jembatan Gondolayu,"Jl. Jend. Sudirman No.33, Cokrodiningratan, Kec. Jetis, Kota Yogyakarta, Daerah Istimewa Yogyakarta 55233, Indonesia","-7.782707,110.370940",Warna,TCU,2021,Agustus,49.7,50,SNI 6989.80:2011
Air Sungai,67,Sungai Code Jembatan Gondolayu,"Jl. Jend. Sudirman No.33, Cokrodiningratan, Kec. Jetis, Kota Yogyakarta, Daerah Istimewa Yogyakarta 55233, Indonesia","-7.782707,110.370940",Fluorida,mg/L,2021,Agustus,0.5,1.5,SNI 06-6989.29-2005
Air Sungai,67,Sungai Code Jembatan Gondolayu,"Jl. Jend. Sudirman No.33, Cokrodiningratan, Kec. Jetis, Kota Yogyakarta, Daerah Istimewa Yogyakarta 55233, Indonesia","-7.782707,110.370940",Nitrit ,mg/L,2021,Agustus,0.137,Tidak dipersyaratkan,SNI-06-6989-9-2004
Air Sungai,67,Sungai Code Jembatan Gondolayu,"Jl. Jend. Sudirman No.33, Cokrodiningratan, Kec. Jetis, Kota Yogyakarta, Daerah Istimewa Yogyakarta 55233, Indonesia","-7.782707,110.370940",pH,,2021,Agustus,6.74,9-Jun,SNI 6989.11 : 2019
Air Sungai,67,Sungai Code Jembatan Gondolayu,"Jl. Jend. Sudirman No.33, Cokrodiningratan, Kec. Jetis, Kota Yogyakarta, Daerah Istimewa Yogyakarta 55233, Indonesia","-7.782707,110.370940",klorida,mg/L,2021,Agustus,25.6,800,SNI 6989.19-2009
Air Sungai,67,Sungai Code Jembatan Gondolayu,"Jl. Jend. Sudirman No.33, Cokrodiningratan, Kec. Jetis, Kota Yogyakarta, Daerah Istimewa Yogyakarta 55233, Indonesia","-7.782707,110.370940",COD,mg/L,2021,Agustus,18.0,25,SNI 6989.2-2019
Air Sungai,67,Sungai Code Jembatan Gondolayu,"Jl. Jend. Sudirman No.33, Cokrodiningratan, Kec. Jetis, Kota Yogyakarta, Daerah Istimewa Yogyakarta 55233, Indonesia","-7.782707,110.370940",BOD,mg/L,2021,Agustus,2.5,3,SNI 6989.72 :2009
Air Sungai,67,Sungai Code Jembatan Gondolayu,"Jl. Jend. Sudirman No.33, Cokrodiningratan, Kec. Jetis, Kota Yogyakarta, Daerah Istimewa Yogyakarta 55233, Indonesia","-7.782707,110.370940",DO,mg/L,2021,Agustus,5.7,4,APHA 4500-O G. 2017
Air Sungai,67,Sungai Code Jembatan Gondolayu,"Jl. Jend. Sudirman No.33, Cokrodiningratan, Kec. Jetis, Kota Yogyakarta, Daerah Istimewa Yogyakarta 55233, Indonesia","-7.782707,110.370940",Cu Terlarut,mg/L,2021,Agustus,0.018,0.02,SNI 6989.6: 2009
Air Sungai,67,Sungai Code Jembatan Gondolayu,"Jl. Jend. Sudirman No.33, Cokrodiningratan, Kec. Jetis, Kota Yogyakarta, Daerah Istimewa Yogyakarta 55233, Indonesia","-7.782707,110.370940",Zn Terlarut,mg/L,2021,Agustus,0.015,Tidak dipersyaratkan,SNI-06-6989.84:2019
Air Sungai,67,Sungai Code Jembatan Gondolayu,"Jl. Jend. Sudirman No.33, Cokrodiningratan, Kec. Jetis, Kota Yogyakarta, Daerah Istimewa Yogyakarta 55233, Indonesia","-7.782707,110.370940",Klorin total,mg/L,2021,Agustus,0.08,0.03,Merck Colorimetric DPD
Air Sungai,67,Sungai Code Jembatan Gondolayu,"Jl. Jend. Sudirman No.33, Cokrodiningratan, Kec. Jetis, Kota Yogyakarta, Daerah Istimewa Yogyakarta 55233, Indonesia","-7.782707,110.370940",Fosfat,mg/L,2021,Agustus,0.65,Tidak dipersyaratkan,SNI 6989-31:2021
Air Sungai,67,Sungai Code Jembatan Gondolayu,"Jl. Jend. Sudirman No.33, Cokrodiningratan, Kec. Jetis, Kota Yogyakarta, Daerah Istimewa Yogyakarta 55233, Indonesia","-7.782707,110.370940",Nitrat,mg/L,2021,Agustus,11.1,10,APHA 4500-NO3-B 2019
Mikrobiologi Air Sungai,68,Sungai Code Jembatan Gondolayu,"Jl. Jend. Sudirman No.33, Cokrodiningratan, Kec. Jetis, Kota Yogyakarta, Daerah Istimewa Yogyakarta 55233, Indonesia","-7.782707,110.370940",Faecal Coliform,MPN/100 ml,2021,Agustus,49.0,1000,"APHA 22nd Edition, 9221 E, 2012"
Mikrobiologi Air Sungai,68,Sungai Code Jembatan Gondolayu,"Jl. Jend. Sudirman No.33, Cokrodiningratan, Kec. Jetis, Kota Yogyakarta, Daerah Istimewa Yogyakarta 55233, Indonesia","-7.782707,110.370940",Total coliform,MPN/100 ml,2021,Agustus,49.0,5000,"APHA 22nd Edition, 9221 B, 2012"
Air Sungai,78,Sungai Code Jembatan Gondolayu,"Jl. Jend. Sudirman No.33, Cokrodiningratan, Kec. Jetis, Kota Yogyakarta, Daerah Istimewa Yogyakarta 55233, Indonesia","-7.782707,110.370940",Residu Tersuspensi (TSS),mg/L,2021,September,3.2,75,SNI  6989.3 - 2019
Air Sungai,78,Sungai Code Jembatan Gondolayu,"Jl. Jend. Sudirman No.33, Cokrodiningratan, Kec. Jetis, Kota Yogyakarta, Daerah Istimewa Yogyakarta 55233, Indonesia","-7.782707,110.370940",Suhu,?C,2021,September,29.2,suhu udara ? 3?C,SNI 06 - 6989.23 - 2005
Air Sungai,78,Sungai Code Jembatan Gondolayu,"Jl. Jend. Sudirman No.33, Cokrodiningratan, Kec. Jetis, Kota Yogyakarta, Daerah Istimewa Yogyakarta 55233, Indonesia","-7.782707,110.370940",Warna,TCU,2021,September,75.1,50,SNI 6989.80:2011
Air Sungai,78,Sungai Code Jembatan Gondolayu,"Jl. Jend. Sudirman No.33, Cokrodiningratan, Kec. Jetis, Kota Yogyakarta, Daerah Istimewa Yogyakarta 55233, Indonesia","-7.782707,110.370940",Fluorida,mg/L,2021,September,0.06,1.5,SNI 06-6989.29-2005
Air Sungai,78,Sungai Code Jembatan Gondolayu,"Jl. Jend. Sudirman No.33, Cokrodiningratan, Kec. Jetis, Kota Yogyakarta, Daerah Istimewa Yogyakarta 55233, Indonesia","-7.782707,110.370940",Nitrit ,mg/L,2021,September,0.172,Tidak dipersyaratkan,SNI-06-6989-9-2004
Air Sungai,78,Sungai Code Jembatan Gondolayu,"Jl. Jend. Sudirman No.33, Cokrodiningratan, Kec. Jetis, Kota Yogyakarta, Daerah Istimewa Yogyakarta 55233, Indonesia","-7.782707,110.370940",pH,,2021,September,6.82,9-Jun,SNI 6989.11 : 2019
Air Sungai,78,Sungai Code Jembatan Gondolayu,"Jl. Jend. Sudirman No.33, Cokrodiningratan, Kec. Jetis, Kota Yogyakarta, Daerah Istimewa Yogyakarta 55233, Indonesia","-7.782707,110.370940",klorida,mg/L,2021,September,20.0,800,SNI 6989.19-2009
Air Sungai,78,Sungai Code Jembatan Gondolayu,"Jl. Jend. Sudirman No.33, Cokrodiningratan, Kec. Jetis, Kota Yogyakarta, Daerah Istimewa Yogyakarta 55233, Indonesia","-7.782707,110.370940",COD,mg/L,2021,September,12.1,25,SNI 6989.2-2019
Air Sungai,78,Sungai Code Jembatan Gondolayu,"Jl. Jend. Sudirman No.33, Cokrodiningratan, Kec. Jetis, Kota Yogyakarta, Daerah Istimewa Yogyakarta 55233, Indonesia","-7.782707,110.370940",BOD,mg/L,2021,September,2.3,3,SNI 6989.72 :2009
Air Sungai,78,Sungai Code Jembatan Gondolayu,"Jl. Jend. Sudirman No.33, Cokrodiningratan, Kec. Jetis, Kota Yogyakarta, Daerah Istimewa Yogyakarta 55233, Indonesia","-7.782707,110.370940",DO,mg/L,2021,September,6.0,4,APHA 4500-O G. 2017
Air Sungai,78,Sungai Code Jembatan Gondolayu,"Jl. Jend. Sudirman No.33, Cokrodiningratan, Kec. Jetis, Kota Yogyakarta, Daerah Istimewa Yogyakarta 55233, Indonesia","-7.782707,110.370940",Cu Terlarut,mg/L,2021,September,0.018,0.02,SNI 6989.6: 2009
Air Sungai,78,Sungai Code Jembatan Gondolayu,"Jl. Jend. Sudirman No.33, Cokrodiningratan, Kec. Jetis, Kota Yogyakarta, Daerah Istimewa Yogyakarta 55233, Indonesia","-7.782707,110.370940",Zn Terlarut,mg/L,2021,September,0.015,Tidak dipersyaratkan,SNI-06-6989.84:2019
Air Sungai,78,Sungai Code Jembatan Gondolayu,"Jl. Jend. Sudirman No.33, Cokrodiningratan, Kec. Jetis, Kota Yogyakarta, Daerah Istimewa Yogyakarta 55233, Indonesia","-7.782707,110.370940",Klorin total,mg/L,2021,September,0.08,0.03,Merck Colorimetric DPD
Air Sungai,78,Sungai Code Jembatan Gondolayu,"Jl. Jend. Sudirman No.33, Cokrodiningratan, Kec. Jetis, Kota Yogyakarta, Daerah Istimewa Yogyakarta 55233, Indonesia","-7.782707,110.370940",Fosfat,mg/L,2021,September,0.49,Tidak dipersyaratkan,SNI 6989-31:2021
Air Sungai,78,Sungai Code Jembatan Gondolayu,"Jl. Jend. Sudirman No.33, Cokrodiningratan, Kec. Jetis, Kota Yogyakarta, Daerah Istimewa Yogyakarta 55233, Indonesia","-7.782707,110.370940",Nitrat,mg/L,2021,September,10.4,10,APHA 4500-NO3-B 2019
Mikrobiologi Air Sungai,79,Sungai Code Jembatan Gondolayu,"Jl. Jend. Sudirman No.33, Cokrodiningratan, Kec. Jetis, Kota Yogyakarta, Daerah Istimewa Yogyakarta 55233, Indonesia","-7.782707,110.370940",Faecal Coliform,MPN/100 ml,2021,September,130.0,1000,"APHA 22nd Edition, 9221 E, 2012"
Mikrobiologi Air Sungai,79,Sungai Code Jembatan Gondolayu,"Jl. Jend. Sudirman No.33, Cokrodiningratan, Kec. Jetis, Kota Yogyakarta, Daerah Istimewa Yogyakarta 55233, Indonesia","-7.782707,110.370940",Total coliform,MPN/100 ml,2021,September,170.0,5000,"APHA 22nd Edition, 9221 B, 2012"
Air Sungai,97,Sungai Code Jembatan Gondolayu,"Jl. Jend. Sudirman No.33, Cokrodiningratan, Kec. Jetis, Kota Yogyakarta, Daerah Istimewa Yogyakarta 55233, Indonesia","-7.782707,110.370940",Residu Tersuspensi (TSS),mg/L,2021,Oktober,9.4,75,SNI  6989.3 - 2019
Air Sungai,97,Sungai Code Jembatan Gondolayu,"Jl. Jend. Sudirman No.33, Cokrodiningratan, Kec. Jetis, Kota Yogyakarta, Daerah Istimewa Yogyakarta 55233, Indonesia","-7.782707,110.370940",Suhu,?C,2021,Oktober,28.2,suhu udara ? 3?C,SNI 06 - 6989.23 - 2005
Air Sungai,97,Sungai Code Jembatan Gondolayu,"Jl. Jend. Sudirman No.33, Cokrodiningratan, Kec. Jetis, Kota Yogyakarta, Daerah Istimewa Yogyakarta 55233, Indonesia","-7.782707,110.370940",Warna,TCU,2021,Oktober,79.0,50,SNI 6989.80:2011
Air Sungai,97,Sungai Code Jembatan Gondolayu,"Jl. Jend. Sudirman No.33, Cokrodiningratan, Kec. Jetis, Kota Yogyakarta, Daerah Istimewa Yogyakarta 55233, Indonesia","-7.782707,110.370940",Fluorida,mg/L,2021,Oktober,0.5,1.5,SNI 06-6989.29-2005
Air Sungai,97,Sungai Code Jembatan Gondolayu,"Jl. Jend. Sudirman No.33, Cokrodiningratan, Kec. Jetis, Kota Yogyakarta, Daerah Istimewa Yogyakarta 55233, Indonesia","-7.782707,110.370940",Nitrit ,mg/L,2021,Oktober,0.23,Tidak dipersyaratkan,SNI-06-6989-9-2004
Air Sungai,97,Sungai Code Jembatan Gondolayu,"Jl. Jend. Sudirman No.33, Cokrodiningratan, Kec. Jetis, Kota Yogyakarta, Daerah Istimewa Yogyakarta 55233, Indonesia","-7.782707,110.370940",pH,,2021,Oktober,6.35,9-Jun,SNI 6989.11 : 2019
Air Sungai,97,Sungai Code Jembatan Gondolayu,"Jl. Jend. Sudirman No.33, Cokrodiningratan, Kec. Jetis, Kota Yogyakarta, Daerah Istimewa Yogyakarta 55233, Indonesia","-7.782707,110.370940",klorida,mg/L,2021,Oktober,21.2,800,SNI 6989.19-2009
Air Sungai,97,Sungai Code Jembatan Gondolayu,"Jl. Jend. Sudirman No.33, Cokrodiningratan, Kec. Jetis, Kota Yogyakarta, Daerah Istimewa Yogyakarta 55233, Indonesia","-7.782707,110.370940",COD,mg/L,2021,Oktober,13.0,25,SNI 6989.2-2019
Air Sungai,97,Sungai Code Jembatan Gondolayu,"Jl. Jend. Sudirman No.33, Cokrodiningratan, Kec. Jetis, Kota Yogyakarta, Daerah Istimewa Yogyakarta 55233, Indonesia","-7.782707,110.370940",BOD,mg/L,2021,Oktober,4.7,3,SNI 6989.72 :2009
Air Sungai,97,Sungai Code Jembatan Gondolayu,"Jl. Jend. Sudirman No.33, Cokrodiningratan, Kec. Jetis, Kota Yogyakarta, Daerah Istimewa Yogyakarta 55233, Indonesia","-7.782707,110.370940",DO,mg/L,2021,Oktober,6.1,4,APHA 4500-O G. 2017
Air Sungai,97,Sungai Code Jembatan Gondolayu,"Jl. Jend. Sudirman No.33, Cokrodiningratan, Kec. Jetis, Kota Yogyakarta, Daerah Istimewa Yogyakarta 55233, Indonesia","-7.782707,110.370940",Cu Terlarut,mg/L,2021,Oktober,0.018,0.02,SNI 6989.6: 2009
Air Sungai,97,Sungai Code Jembatan Gondolayu,"Jl. Jend. Sudirman No.33, Cokrodiningratan, Kec. Jetis, Kota Yogyakarta, Daerah Istimewa Yogyakarta 55233, Indonesia","-7.782707,110.370940",Zn Terlarut,mg/L,2021,Oktober,0.015,Tidak dipersyaratkan,SNI-06-6989.84:2019
Air Sungai,97,Sungai Code Jembatan Gondolayu,"Jl. Jend. Sudirman No.33, Cokrodiningratan, Kec. Jetis, Kota Yogyakarta, Daerah Istimewa Yogyakarta 55233, Indonesia","-7.782707,110.370940",Klorin total,mg/L,2021,Oktober,0.08,0.03,Merck Colorimetric DPD
Air Sungai,97,Sungai Code Jembatan Gondolayu,"Jl. Jend. Sudirman No.33, Cokrodiningratan, Kec. Jetis, Kota Yogyakarta, Daerah Istimewa Yogyakarta 55233, Indonesia","-7.782707,110.370940",Fosfat,mg/L,2021,Oktober,0.7,Tidak dipersyaratkan,SNI 6989-31:2021
Air Sungai,97,Sungai Code Jembatan Gondolayu,"Jl. Jend. Sudirman No.33, Cokrodiningratan, Kec. Jetis, Kota Yogyakarta, Daerah Istimewa Yogyakarta 55233, Indonesia","-7.782707,110.370940",Nitrat,mg/L,2021,Oktober,9.8,10,APHA 4500-NO3-B 2019
Air Sungai,97,Sungai Code Jembatan Gondolayu,"Jl. Jend. Sudirman No.33, Cokrodiningratan, Kec. Jetis, Kota Yogyakarta, Daerah Istimewa Yogyakarta 55233, Indonesia","-7.782707,110.370940",Sianida,mg/L,2021,Oktober,0.002,"0,02",Cyanide tes_Spectroquant
Mikrobiologi Air Sungai,98,Sungai Code Jembatan Gondolayu,"Jl. Jend. Sudirman No.33, Cokrodiningratan, Kec. Jetis, Kota Yogyakarta, Daerah Istimewa Yogyakarta 55233, Indonesia","-7.782707,110.370940",Faecal Coliform,MPN/100 ml,2021,Oktober,240.0,1000,"APHA 22nd Edition, 9221 E, 2012"
Mikrobiologi Air Sungai,98,Sungai Code Jembatan Gondolayu,"Jl. Jend. Sudirman No.33, Cokrodiningratan, Kec. Jetis, Kota Yogyakarta, Daerah Istimewa Yogyakarta 55233, Indonesia","-7.782707,110.370940",Total coliform,MPN/100 ml,2021,Oktober,920.0,5000,"APHA 22nd Edition, 9221 B, 2012"
Air Sungai,120,Sungai Code Jembatan Gondolayu,"Jl. Jend. Sudirman No.33, Cokrodiningratan, Kec. Jetis, Kota Yogyakarta, Daerah Istimewa Yogyakarta 55233, Indonesia","-7.782707,110.370940",Residu Terlarut (TDS),mg/L,2021,November,105.0,1000,TDS portablemeter
Air Sungai,120,Sungai Code Jembatan Gondolayu,"Jl. Jend. Sudirman No.33, Cokrodiningratan, Kec. Jetis, Kota Yogyakarta, Daerah Istimewa Yogyakarta 55233, Indonesia","-7.782707,110.370940",Residu Tersuspensi (TSS),mg/L,2021,November,8.4,75,SNI  6989.3 - 2019
Air Sungai,120,Sungai Code Jembatan Gondolayu,"Jl. Jend. Sudirman No.33, Cokrodiningratan, Kec. Jetis, Kota Yogyakarta, Daerah Istimewa Yogyakarta 55233, Indonesia","-7.782707,110.370940",Suhu,?C,2021,November,26.3,suhu udara ? 3?C,SNI 06 - 6989.23 - 2005
Air Sungai,120,Sungai Code Jembatan Gondolayu,"Jl. Jend. Sudirman No.33, Cokrodiningratan, Kec. Jetis, Kota Yogyakarta, Daerah Istimewa Yogyakarta 55233, Indonesia","-7.782707,110.370940",DHL,?mhos/cm,2021,November,213.0,Tidak dipersyaratkan,SNI 6989.1:2019
Air Sungai,120,Sungai Code Jembatan Gondolayu,"Jl. Jend. Sudirman No.33, Cokrodiningratan, Kec. Jetis, Kota Yogyakarta, Daerah Istimewa Yogyakarta 55233, Indonesia","-7.782707,110.370940",Warna,TCU,2021,November,46.77,50,SNI 6989.80:2011
Air Sungai,120,Sungai Code Jembatan Gondolayu,"Jl. Jend. Sudirman No.33, Cokrodiningratan, Kec. Jetis, Kota Yogyakarta, Daerah Istimewa Yogyakarta 55233, Indonesia","-7.782707,110.370940",Fluorida,mg/L,2021,November,0.29,1.5,SNI 06-6989.29-2005
Air Sungai,120,Sungai Code Jembatan Gondolayu,"Jl. Jend. Sudirman No.33, Cokrodiningratan, Kec. Jetis, Kota Yogyakarta, Daerah Istimewa Yogyakarta 55233, Indonesia","-7.782707,110.370940",Nitrit ,mg/L,2021,November,0.06,Tidak dipersyaratkan,SNI-06-6989-9-2004
Air Sungai,120,Sungai Code Jembatan Gondolayu,"Jl. Jend. Sudirman No.33, Cokrodiningratan, Kec. Jetis, Kota Yogyakarta, Daerah Istimewa Yogyakarta 55233, Indonesia","-7.782707,110.370940",pH,,2021,November,6.25,9-Jun,SNI 6989.11 : 2019
Air Sungai,120,Sungai Code Jembatan Gondolayu,"Jl. Jend. Sudirman No.33, Cokrodiningratan, Kec. Jetis, Kota Yogyakarta, Daerah Istimewa Yogyakarta 55233, Indonesia","-7.782707,110.370940",klorida,mg/L,2021,November,11.0,800,SNI 6989.19-2009
Air Sungai,120,Sungai Code Jembatan Gondolayu,"Jl. Jend. Sudirman No.33, Cokrodiningratan, Kec. Jetis, Kota Yogyakarta, Daerah Istimewa Yogyakarta 55233, Indonesia","-7.782707,110.370940",COD,mg/L,2021,November,11.2,25,SNI 6989.2-2019
Air Sungai,120,Sungai Code Jembatan Gondolayu,"Jl. Jend. Sudirman No.33, Cokrodiningratan, Kec. Jetis, Kota Yogyakarta, Daerah Istimewa Yogyakarta 55233, Indonesia","-7.782707,110.370940",BOD,mg/L,2021,November,3.8,3,SNI 6989.72 :2009
Air Sungai,120,Sungai Code Jembatan Gondolayu,"Jl. Jend. Sudirman No.33, Cokrodiningratan, Kec. Jetis, Kota Yogyakarta, Daerah Istimewa Yogyakarta 55233, Indonesia","-7.782707,110.370940",DO,mg/L,2021,November,6.6,4,APHA 4500-O G. 2017
Air Sungai,120,Sungai Code Jembatan Gondolayu,"Jl. Jend. Sudirman No.33, Cokrodiningratan, Kec. Jetis, Kota Yogyakarta, Daerah Istimewa Yogyakarta 55233, Indonesia","-7.782707,110.370940",Cu Terlarut,mg/L,2021,November,0.018,0.02,SNI 6989.6: 2009
Air Sungai,120,Sungai Code Jembatan Gondolayu,"Jl. Jend. Sudirman No.33, Cokrodiningratan, Kec. Jetis, Kota Yogyakarta, Daerah Istimewa Yogyakarta 55233, Indonesia","-7.782707,110.370940",Zn Terlarut,mg/L,2021,November,0.015,Tidak dipersyaratkan,SNI-06-6989.84:2019
Air Sungai,120,Sungai Code Jembatan Gondolayu,"Jl. Jend. Sudirman No.33, Cokrodiningratan, Kec. Jetis, Kota Yogyakarta, Daerah Istimewa Yogyakarta 55233, Indonesia","-7.782707,110.370940",Klorin total,mg/L,2021,November,0.08,0.03,Merck Colorimetric DPD
Air Sungai,120,Sungai Code Jembatan Gondolayu,"Jl. Jend. Sudirman No.33, Cokrodiningratan, Kec. Jetis, Kota Yogyakarta, Daerah Istimewa Yogyakarta 55233, Indonesia","-7.782707,110.370940",Fosfat,mg/L,2021,November,0.39,Tidak dipersyaratkan,SNI 6989-31:2021
Air Sungai,120,Sungai Code Jembatan Gondolayu,"Jl. Jend. Sudirman No.33, Cokrodiningratan, Kec. Jetis, Kota Yogyakarta, Daerah Istimewa Yogyakarta 55233, Indonesia","-7.782707,110.370940",Nitrat,mg/L,2021,November,5.8,10,APHA 4500-NO3-B 2019
Air Sungai,120,Sungai Code Jembatan Gondolayu,"Jl. Jend. Sudirman No.33, Cokrodiningratan, Kec. Jetis, Kota Yogyakarta, Daerah Istimewa Yogyakarta 55233, Indonesia","-7.782707,110.370940",Sianida,mg/L,2021,November,0.002,"0,02",Cyanide tes_Spectroquant
Mikrobiologi Air Sungai,121,Sungai Code Jembatan Gondolayu,"Jl. Jend. Sudirman No.33, Cokrodiningratan, Kec. Jetis, Kota Yogyakarta, Daerah Istimewa Yogyakarta 55233, Indonesia","-7.782707,110.370940",Faecal Coliform,MPN/100 ml,2021,November,110.0,1000,"APHA 22nd Edition, 9221 E, 2012"
Mikrobiologi Air Sungai,121,Sungai Code Jembatan Gondolayu,"Jl. Jend. Sudirman No.33, Cokrodiningratan, Kec. Jetis, Kota Yogyakarta, Daerah Istimewa Yogyakarta 55233, Indonesia","-7.782707,110.370940",Total coliform,MPN/100 ml,2021,November,170.0,5000,"APHA 22nd Edition, 9221 B, 2012"
Air Sungai,171,Sungai Code Jembatan Gondolayu,"Jl. Jend. Sudirman No.33, Cokrodiningratan, Kec. Jetis, Kota Yogyakarta, Daerah Istimewa Yogyakarta 55233, Indonesia","-7.782707,110.370940",Residu Terlarut (TDS),mg/L,2021,Desember,168.0,1000,TDS portablemeter
Air Sungai,171,Sungai Code Jembatan Gondolayu,"Jl. Jend. Sudirman No.33, Cokrodiningratan, Kec. Jetis, Kota Yogyakarta, Daerah Istimewa Yogyakarta 55233, Indonesia","-7.782707,110.370940",Residu Tersuspensi (TSS),mg/L,2021,Desember,16.6,75,SNI  6989.3 - 2019
Air Sungai,171,Sungai Code Jembatan Gondolayu,"Jl. Jend. Sudirman No.33, Cokrodiningratan, Kec. Jetis, Kota Yogyakarta, Daerah Istimewa Yogyakarta 55233, Indonesia","-7.782707,110.370940",Suhu,?C,2021,Desember,28.2,suhu udara ? 3?C,SNI 06 - 6989.23 - 2005
Air Sungai,171,Sungai Code Jembatan Gondolayu,"Jl. Jend. Sudirman No.33, Cokrodiningratan, Kec. Jetis, Kota Yogyakarta, Daerah Istimewa Yogyakarta 55233, Indonesia","-7.782707,110.370940",DHL,?mhos/cm,2021,Desember,335.0,Tidak dipersyaratkan,SNI 6989.1:2019
Air Sungai,171,Sungai Code Jembatan Gondolayu,"Jl. Jend. Sudirman No.33, Cokrodiningratan, Kec. Jetis, Kota Yogyakarta, Daerah Istimewa Yogyakarta 55233, Indonesia","-7.782707,110.370940",Warna,TCU,2021,Desember,137.14,50,SNI 6989.80:2011
Air Sungai,171,Sungai Code Jembatan Gondolayu,"Jl. Jend. Sudirman No.33, Cokrodiningratan, Kec. Jetis, Kota Yogyakarta, Daerah Istimewa Yogyakarta 55233, Indonesia","-7.782707,110.370940",Fluorida,mg/L,2021,Desember,0.35,1.5,SNI 06-6989.29-2005
Air Sungai,171,Sungai Code Jembatan Gondolayu,"Jl. Jend. Sudirman No.33, Cokrodiningratan, Kec. Jetis, Kota Yogyakarta, Daerah Istimewa Yogyakarta 55233, Indonesia","-7.782707,110.370940",Nitrit ,mg/L,2021,Desember,0.107,Tidak dipersyaratkan,SNI-06-6989-9-2004
Air Sungai,171,Sungai Code Jembatan Gondolayu,"Jl. Jend. Sudirman No.33, Cokrodiningratan, Kec. Jetis, Kota Yogyakarta, Daerah Istimewa Yogyakarta 55233, Indonesia","-7.782707,110.370940",pH,,2021,Desember,6.56,9-Jun,SNI 6989.11 : 2019
Air Sungai,171,Sungai Code Jembatan Gondolayu,"Jl. Jend. Sudirman No.33, Cokrodiningratan, Kec. Jetis, Kota Yogyakarta, Daerah Istimewa Yogyakarta 55233, Indonesia","-7.782707,110.370940",klorida,mg/L,2021,Desember,16.3,800,SNI 6989.19-2009
Air Sungai,171,Sungai Code Jembatan Gondolayu,"Jl. Jend. Sudirman No.33, Cokrodiningratan, Kec. Jetis, Kota Yogyakarta, Daerah Istimewa Yogyakarta 55233, Indonesia","-7.782707,110.370940",COD,mg/L,2021,Desember,17.2,25,SNI 6989.2-2019
Air Sungai,171,Sungai Code Jembatan Gondolayu,"Jl. Jend. Sudirman No.33, Cokrodiningratan, Kec. Jetis, Kota Yogyakarta, Daerah Istimewa Yogyakarta 55233, Indonesia","-7.782707,110.370940",BOD,mg/L,2021,Desember,1.8,3,SNI 6989.72 :2009
Air Sungai,171,Sungai Code Jembatan Gondolayu,"Jl. Jend. Sudirman No.33, Cokrodiningratan, Kec. Jetis, Kota Yogyakarta, Daerah Istimewa Yogyakarta 55233, Indonesia","-7.782707,110.370940",DO,mg/L,2021,Desember,8.73,4,APHA 4500-O G. 2017
Air Sungai,171,Sungai Code Jembatan Gondolayu,"Jl. Jend. Sudirman No.33, Cokrodiningratan, Kec. Jetis, Kota Yogyakarta, Daerah Istimewa Yogyakarta 55233, Indonesia","-7.782707,110.370940",Cu Terlarut,mg/L,2021,Desember,0.018,0.02,SNI 6989.6: 2009
Air Sungai,171,Sungai Code Jembatan Gondolayu,"Jl. Jend. Sudirman No.33, Cokrodiningratan, Kec. Jetis, Kota Yogyakarta, Daerah Istimewa Yogyakarta 55233, Indonesia","-7.782707,110.370940",Zn Terlarut,mg/L,2021,Desember,0.1448,Tidak dipersyaratkan,SNI-06-6989.84:2019
Air Sungai,171,Sungai Code Jembatan Gondolayu,"Jl. Jend. Sudirman No.33, Cokrodiningratan, Kec. Jetis, Kota Yogyakarta, Daerah Istimewa Yogyakarta 55233, Indonesia","-7.782707,110.370940",Klorin total,mg/L,2021,Desember,0.06,0.03,Merck Colorimetric DPD
Air Sungai,171,Sungai Code Jembatan Gondolayu,"Jl. Jend. Sudirman No.33, Cokrodiningratan, Kec. Jetis, Kota Yogyakarta, Daerah Istimewa Yogyakarta 55233, Indonesia","-7.782707,110.370940",Fosfat,mg/L,2021,Desember,0.55,Tidak dipersyaratkan,SNI 6989-31:2021
Air Sungai,171,Sungai Code Jembatan Gondolayu,"Jl. Jend. Sudirman No.33, Cokrodiningratan, Kec. Jetis, Kota Yogyakarta, Daerah Istimewa Yogyakarta 55233, Indonesia","-7.782707,110.370940",Nitrat,mg/L,2021,Desember,7.4,10,APHA 4500-NO3-B 2019
Air Sungai,171,Sungai Code Jembatan Gondolayu,"Jl. Jend. Sudirman No.33, Cokrodiningratan, Kec. Jetis, Kota Yogyakarta, Daerah Istimewa Yogyakarta 55233, Indonesia","-7.782707,110.370940",Sianida,mg/L,2021,Desember,0.002,"0,02",Cyanide tes_Spectroquant
Mikrobiologi Air Sungai,172,Sungai Code Jembatan Gondolayu,"Jl. Jend. Sudirman No.33, Cokrodiningratan, Kec. Jetis, Kota Yogyakarta, Daerah Istimewa Yogyakarta 55233, Indonesia","-7.782707,110.370940",Faecal Coliform,MPN/100 ml,2021,Desember,140.0,1000,"APHA 22nd Edition, 9221 E, 2012"
Mikrobiologi Air Sungai,172,Sungai Code Jembatan Gondolayu,"Jl. Jend. Sudirman No.33, Cokrodiningratan, Kec. Jetis, Kota Yogyakarta, Daerah Istimewa Yogyakarta 55233, Indonesia","-7.782707,110.370940",Total coliform,MPN/100 ml,2021,Desember,140.0,5000,"APHA 22nd Edition, 9221 B, 2012"
Air Sungai,262,Sungai Code Jembatan Gondolayu,"Jl. Jend. Sudirman No.33, Cokrodiningratan, Kec. Jetis, Kota Yogyakarta, Daerah Istimewa Yogyakarta 55233, Indonesia","-7.782707,110.370940",Residu Terlarut (TDS),mg/L,2022,Januari,148.0,1000,TDS portablemeter
Air Sungai,262,Sungai Code Jembatan Gondolayu,"Jl. Jend. Sudirman No.33, Cokrodiningratan, Kec. Jetis, Kota Yogyakarta, Daerah Istimewa Yogyakarta 55233, Indonesia","-7.782707,110.370940",Residu Tersuspensi (TSS),mg/L,2022,Januari,23.4,75,SNI  6989.3 - 2019
Air Sungai,262,Sungai Code Jembatan Gondolayu,"Jl. Jend. Sudirman No.33, Cokrodiningratan, Kec. Jetis, Kota Yogyakarta, Daerah Istimewa Yogyakarta 55233, Indonesia","-7.782707,110.370940",Suhu,?C,2022,Januari,28.2,suhu udara ? 3?C,SNI 06 - 6989.23 - 2005
Air Sungai,262,Sungai Code Jembatan Gondolayu,"Jl. Jend. Sudirman No.33, Cokrodiningratan, Kec. Jetis, Kota Yogyakarta, Daerah Istimewa Yogyakarta 55233, Indonesia","-7.782707,110.370940",DHL,?mhos/cm,2022,Januari,295.0,Tidak dipersyaratkan,SNI 6989.1:2019
Air Sungai,262,Sungai Code Jembatan Gondolayu,"Jl. Jend. Sudirman No.33, Cokrodiningratan, Kec. Jetis, Kota Yogyakarta, Daerah Istimewa Yogyakarta 55233, Indonesia","-7.782707,110.370940",Warna,TCU,2022,Januari,45.3,50,SNI 6989.80:2011
Air Sungai,262,Sungai Code Jembatan Gondolayu,"Jl. Jend. Sudirman No.33, Cokrodiningratan, Kec. Jetis, Kota Yogyakarta, Daerah Istimewa Yogyakarta 55233, Indonesia","-7.782707,110.370940",Fluorida,mg/L,2022,Januari,0.18,1.5,SNI 06-6989.29-2005
Air Sungai,262,Sungai Code Jembatan Gondolayu,"Jl. Jend. Sudirman No.33, Cokrodiningratan, Kec. Jetis, Kota Yogyakarta, Daerah Istimewa Yogyakarta 55233, Indonesia","-7.782707,110.370940",pH,,2022,Januari,6.53,9-Jun,SNI 6989.11 : 2019
Air Sungai,262,Sungai Code Jembatan Gondolayu,"Jl. Jend. Sudirman No.33, Cokrodiningratan, Kec. Jetis, Kota Yogyakarta, Daerah Istimewa Yogyakarta 55233, Indonesia","-7.782707,110.370940",Sulfat,mg/L,2022,Januari,25.3,400,SNI 6989.20:2019
Air Sungai,262,Sungai Code Jembatan Gondolayu,"Jl. Jend. Sudirman No.33, Cokrodiningratan, Kec. Jetis, Kota Yogyakarta, Daerah Istimewa Yogyakarta 55233, Indonesia","-7.782707,110.370940",klorida,mg/L,2022,Januari,14.3,800,SNI 6989.19-2009
Air Sungai,262,Sungai Code Jembatan Gondolayu,"Jl. Jend. Sudirman No.33, Cokrodiningratan, Kec. Jetis, Kota Yogyakarta, Daerah Istimewa Yogyakarta 55233, Indonesia","-7.782707,110.370940",COD,mg/L,2022,Januari,11.0,25,SNI 6989.2-2019
Air Sungai,262,Sungai Code Jembatan Gondolayu,"Jl. Jend. Sudirman No.33, Cokrodiningratan, Kec. Jetis, Kota Yogyakarta, Daerah Istimewa Yogyakarta 55233, Indonesia","-7.782707,110.370940",BOD,mg/L,2022,Januari,1.0,3,SNI 6989.72 :2009
Air Sungai,262,Sungai Code Jembatan Gondolayu,"Jl. Jend. Sudirman No.33, Cokrodiningratan, Kec. Jetis, Kota Yogyakarta, Daerah Istimewa Yogyakarta 55233, Indonesia","-7.782707,110.370940",DO,mg/L,2022,Januari,8.5,4,APHA 4500-O G. 2017
Air Sungai,262,Sungai Code Jembatan Gondolayu,"Jl. Jend. Sudirman No.33, Cokrodiningratan, Kec. Jetis, Kota Yogyakarta, Daerah Istimewa Yogyakarta 55233, Indonesia","-7.782707,110.370940",Cu Terlarut,mg/L,2022,Januari,0.018,0.02,SNI 6989.6: 2009
Air Sungai,262,Sungai Code Jembatan Gondolayu,"Jl. Jend. Sudirman No.33, Cokrodiningratan, Kec. Jetis, Kota Yogyakarta, Daerah Istimewa Yogyakarta 55233, Indonesia","-7.782707,110.370940",Zn Terlarut,mg/L,2022,Januari,0.015,Tidak dipersyaratkan,SNI-06-6989.84:2019
Air Sungai,262,Sungai Code Jembatan Gondolayu,"Jl. Jend. Sudirman No.33, Cokrodiningratan, Kec. Jetis, Kota Yogyakarta, Daerah Istimewa Yogyakarta 55233, Indonesia","-7.782707,110.370940",Klorin total,mg/L,2022,Januari,0.08,0.03,Merck Colorimetric DPD
Air Sungai,262,Sungai Code Jembatan Gondolayu,"Jl. Jend. Sudirman No.33, Cokrodiningratan, Kec. Jetis, Kota Yogyakarta, Daerah Istimewa Yogyakarta 55233, Indonesia","-7.782707,110.370940",Fosfat,mg/L,2022,Januari,0.54,Tidak dipersyaratkan,SNI 6989-31:2021
Air Sungai,262,Sungai Code Jembatan Gondolayu,"Jl. Jend. Sudirman No.33, Cokrodiningratan, Kec. Jetis, Kota Yogyakarta, Daerah Istimewa Yogyakarta 55233, Indonesia","-7.782707,110.370940",Nitrat Sebagai N,mg/L,2022,Januari,1.3,20,APHA 4500-NO3-B 2019
Air Sungai,262,Sungai Code Jembatan Gondolayu,"Jl. Jend. Sudirman No.33, Cokrodiningratan, Kec. Jetis, Kota Yogyakarta, Daerah Istimewa Yogyakarta 55233, Indonesia","-7.782707,110.370940",Nitrit sebagai N,mg/L,2022,Januari,0.033,3,SNI 06-6989.9-2004
Air Sungai,262,Sungai Code Jembatan Gondolayu,"Jl. Jend. Sudirman No.33, Cokrodiningratan, Kec. Jetis, Kota Yogyakarta, Daerah Istimewa Yogyakarta 55233, Indonesia","-7.782707,110.370940",Sianida,mg/L,2022,Januari,0.002,"0,02",Cyanide tes_Spectroquant
Mikrobiologi Air Sungai,263,Sungai Code Jembatan Gondolayu,"Jl. Jend. Sudirman No.33, Cokrodiningratan, Kec. Jetis, Kota Yogyakarta, Daerah Istimewa Yogyakarta 55233, Indonesia","-7.782707,110.370940",Faecal Coliform,MPN/100 ml,2022,Januari,920.0,1000,"APHA 22nd Edition, 9221 E, 2012"
Mikrobiologi Air Sungai,263,Sungai Code Jembatan Gondolayu,"Jl. Jend. Sudirman No.33, Cokrodiningratan, Kec. Jetis, Kota Yogyakarta, Daerah Istimewa Yogyakarta 55233, Indonesia","-7.782707,110.370940",Total coliform,MPN/100 ml,2022,Januari,130.0,5000,"APHA 22nd Edition, 9221 B, 2012"
Air Sungai,274,Sungai Code Jembatan Gondolayu,"Jl. Jend. Sudirman No.33, Cokrodiningratan, Kec. Jetis, Kota Yogyakarta, Daerah Istimewa Yogyakarta 55233, Indonesia","-7.782707,110.370940",Residu Terlarut (TDS),mg/L,2022,Februari,195.0,1000,TDS portablemeter
Air Sungai,274,Sungai Code Jembatan Gondolayu,"Jl. Jend. Sudirman No.33, Cokrodiningratan, Kec. Jetis, Kota Yogyakarta, Daerah Istimewa Yogyakarta 55233, Indonesia","-7.782707,110.370940",Residu Tersuspensi (TSS),mg/L,2022,Februari,14.4,75,SNI  6989.3 - 2019
Air Sungai,274,Sungai Code Jembatan Gondolayu,"Jl. Jend. Sudirman No.33, Cokrodiningratan, Kec. Jetis, Kota Yogyakarta, Daerah Istimewa Yogyakarta 55233, Indonesia","-7.782707,110.370940",Suhu,?C,2022,Februari,29.2,suhu udara ? 3?C,SNI 06 - 6989.23 - 2005
Air Sungai,274,Sungai Code Jembatan Gondolayu,"Jl. Jend. Sudirman No.33, Cokrodiningratan, Kec. Jetis, Kota Yogyakarta, Daerah Istimewa Yogyakarta 55233, Indonesia","-7.782707,110.370940",DHL,?mhos/cm,2022,Februari,380.0,Tidak dipersyaratkan,SNI 6989.1:2019
Air Sungai,274,Sungai Code Jembatan Gondolayu,"Jl. Jend. Sudirman No.33, Cokrodiningratan, Kec. Jetis, Kota Yogyakarta, Daerah Istimewa Yogyakarta 55233, Indonesia","-7.782707,110.370940",Warna,TCU,2022,Februari,49.1,50,SNI 6989.80:2011
Air Sungai,274,Sungai Code Jembatan Gondolayu,"Jl. Jend. Sudirman No.33, Cokrodiningratan, Kec. Jetis, Kota Yogyakarta, Daerah Istimewa Yogyakarta 55233, Indonesia","-7.782707,110.370940",Fluorida,mg/L,2022,Februari,0.29,1.5,SNI 06-6989.29-2005
Air Sungai,274,Sungai Code Jembatan Gondolayu,"Jl. Jend. Sudirman No.33, Cokrodiningratan, Kec. Jetis, Kota Yogyakarta, Daerah Istimewa Yogyakarta 55233, Indonesia","-7.782707,110.370940",pH,,2022,Februari,6.36,9-Jun,SNI 6989.11 : 2019
Air Sungai,274,Sungai Code Jembatan Gondolayu,"Jl. Jend. Sudirman No.33, Cokrodiningratan, Kec. Jetis, Kota Yogyakarta, Daerah Istimewa Yogyakarta 55233, Indonesia","-7.782707,110.370940",Sulfat,mg/L,2022,Februari,27.8,400,SNI 6989.20:2019
Air Sungai,274,Sungai Code Jembatan Gondolayu,"Jl. Jend. Sudirman No.33, Cokrodiningratan, Kec. Jetis, Kota Yogyakarta, Daerah Istimewa Yogyakarta 55233, Indonesia","-7.782707,110.370940",klorida,mg/L,2022,Februari,20.0,800,SNI 6989.19-2009
Air Sungai,274,Sungai Code Jembatan Gondolayu,"Jl. Jend. Sudirman No.33, Cokrodiningratan, Kec. Jetis, Kota Yogyakarta, Daerah Istimewa Yogyakarta 55233, Indonesia","-7.782707,110.370940",COD,mg/L,2022,Februari,16.1,25,SNI 6989.2-2019
Air Sungai,274,Sungai Code Jembatan Gondolayu,"Jl. Jend. Sudirman No.33, Cokrodiningratan, Kec. Jetis, Kota Yogyakarta, Daerah Istimewa Yogyakarta 55233, Indonesia","-7.782707,110.370940",BOD,mg/L,2022,Februari,1.0,3,SNI 6989.72 :2009
Air Sungai,274,Sungai Code Jembatan Gondolayu,"Jl. Jend. Sudirman No.33, Cokrodiningratan, Kec. Jetis, Kota Yogyakarta, Daerah Istimewa Yogyakarta 55233, Indonesia","-7.782707,110.370940",DO,mg/L,2022,Februari,8.5,4,APHA 4500-O G. 2017
Air Sungai,274,Sungai Code Jembatan Gondolayu,"Jl. Jend. Sudirman No.33, Cokrodiningratan, Kec. Jetis, Kota Yogyakarta, Daerah Istimewa Yogyakarta 55233, Indonesia","-7.782707,110.370940",Cu Terlarut,mg/L,2022,Februari,0.018,0.02,SNI 6989.6: 2009
Air Sungai,274,Sungai Code Jembatan Gondolayu,"Jl. Jend. Sudirman No.33, Cokrodiningratan, Kec. Jetis, Kota Yogyakarta, Daerah Istimewa Yogyakarta 55233, Indonesia","-7.782707,110.370940",Zn Terlarut,mg/L,2022,Februari,0.015,Tidak dipersyaratkan,SNI-06-6989.84:2019
Air Sungai,274,Sungai Code Jembatan Gondolayu,"Jl. Jend. Sudirman No.33, Cokrodiningratan, Kec. Jetis, Kota Yogyakarta, Daerah Istimewa Yogyakarta 55233, Indonesia","-7.782707,110.370940",Klorin total,mg/L,2022,Februari,0.1,0.03,Merck Colorimetric DPD
Air Sungai,274,Sungai Code Jembatan Gondolayu,"Jl. Jend. Sudirman No.33, Cokrodiningratan, Kec. Jetis, Kota Yogyakarta, Daerah Istimewa Yogyakarta 55233, Indonesia","-7.782707,110.370940",Fosfat,mg/L,2022,Februari,0.0,Tidak dipersyaratkan,SNI 6989-31:2021
Air Sungai,274,Sungai Code Jembatan Gondolayu,"Jl. Jend. Sudirman No.33, Cokrodiningratan, Kec. Jetis, Kota Yogyakarta, Daerah Istimewa Yogyakarta 55233, Indonesia","-7.782707,110.370940",Nitrat Sebagai N,mg/L,2022,Februari,2.2,20,APHA 4500-NO3-B 2019
Air Sungai,274,Sungai Code Jembatan Gondolayu,"Jl. Jend. Sudirman No.33, Cokrodiningratan, Kec. Jetis, Kota Yogyakarta, Daerah Istimewa Yogyakarta 55233, Indonesia","-7.782707,110.370940",Nitrit sebagai N,mg/L,2022,Februari,0.037,3,SNI 06-6989.9-2004
Air Sungai,274,Sungai Code Jembatan Gondolayu,"Jl. Jend. Sudirman No.33, Cokrodiningratan, Kec. Jetis, Kota Yogyakarta, Daerah Istimewa Yogyakarta 55233, Indonesia","-7.782707,110.370940",Sianida,mg/L,2022,Februari,0.001,"0,02",Cyanide tes_Spectroquant
Mikrobiologi Air Sungai,275,Sungai Code Jembatan Gondolayu,"Jl. Jend. Sudirman No.33, Cokrodiningratan, Kec. Jetis, Kota Yogyakarta, Daerah Istimewa Yogyakarta 55233, Indonesia","-7.782707,110.370940",Faecal Coliform,MPN/100 ml,2022,Februari,46.0,1000,"APHA 22nd Edition, 9221 E, 2012"
Mikrobiologi Air Sungai,275,Sungai Code Jembatan Gondolayu,"Jl. Jend. Sudirman No.33, Cokrodiningratan, Kec. Jetis, Kota Yogyakarta, Daerah Istimewa Yogyakarta 55233, Indonesia","-7.782707,110.370940",Total coliform,MPN/100 ml,2022,Februari,110.0,5000,"APHA 22nd Edition, 9221 B, 2012"
Mikrobiologi Air Sungai,298,Sungai Code Jembatan Gondolayu,"Jl. Jend. Sudirman No.33, Cokrodiningratan, Kec. Jetis, Kota Yogyakarta, Daerah Istimewa Yogyakarta 55233, Indonesia","-7.782707,110.370940",Faecal Coliform,MPN/100 ml,2022,Maret,140.0,1000,"APHA 22nd Edition, 9221 E, 2012"
Mikrobiologi Air Sungai,298,Sungai Code Jembatan Gondolayu,"Jl. Jend. Sudirman No.33, Cokrodiningratan, Kec. Jetis, Kota Yogyakarta, Daerah Istimewa Yogyakarta 55233, Indonesia","-7.782707,110.370940",Total coliform,MPN/100 ml,2022,Maret,140.0,5000,"APHA 22nd Edition, 9221 B, 2012"
Air Sungai,303,Sungai Code Jembatan Gondolayu,"Jl. Jend. Sudirman No.33, Cokrodiningratan, Kec. Jetis, Kota Yogyakarta, Daerah Istimewa Yogyakarta 55233, Indonesia","-7.782707,110.370940",Residu Terlarut (TDS),mg/L,2022,Maret,133.0,1000,TDS portablemeter
Air Sungai,303,Sungai Code Jembatan Gondolayu,"Jl. Jend. Sudirman No.33, Cokrodiningratan, Kec. Jetis, Kota Yogyakarta, Daerah Istimewa Yogyakarta 55233, Indonesia","-7.782707,110.370940",Suhu,?C,2022,Maret,29.2,suhu udara ? 3?C,SNI 06 - 6989.23 - 2005
Air Sungai,303,Sungai Code Jembatan Gondolayu,"Jl. Jend. Sudirman No.33, Cokrodiningratan, Kec. Jetis, Kota Yogyakarta, Daerah Istimewa Yogyakarta 55233, Indonesia","-7.782707,110.370940",DHL,?mhos/cm,2022,Maret,265.0,Tidak dipersyaratkan,SNI 6989.1:2019
Air Sungai,303,Sungai Code Jembatan Gondolayu,"Jl. Jend. Sudirman No.33, Cokrodiningratan, Kec. Jetis, Kota Yogyakarta, Daerah Istimewa Yogyakarta 55233, Indonesia","-7.782707,110.370940",Warna,TCU,2022,Maret,78.6,50,SNI 6989.80:2011
Air Sungai,303,Sungai Code Jembatan Gondolayu,"Jl. Jend. Sudirman No.33, Cokrodiningratan, Kec. Jetis, Kota Yogyakarta, Daerah Istimewa Yogyakarta 55233, Indonesia","-7.782707,110.370940",pH,,2022,Maret,6.3,9-Jun,SNI 6989.11 : 2019
Air Sungai,303,Sungai Code Jembatan Gondolayu,"Jl. Jend. Sudirman No.33, Cokrodiningratan, Kec. Jetis, Kota Yogyakarta, Daerah Istimewa Yogyakarta 55233, Indonesia","-7.782707,110.370940",klorida,mg/L,2022,Maret,9.1,800,SNI 6989.19-2009
Air Sungai,303,Sungai Code Jembatan Gondolayu,"Jl. Jend. Sudirman No.33, Cokrodiningratan, Kec. Jetis, Kota Yogyakarta, Daerah Istimewa Yogyakarta 55233, Indonesia","-7.782707,110.370940",COD,mg/L,2022,Maret,22.9,25,SNI 6989.2-2019
Air Sungai,303,Sungai Code Jembatan Gondolayu,"Jl. Jend. Sudirman No.33, Cokrodiningratan, Kec. Jetis, Kota Yogyakarta, Daerah Istimewa Yogyakarta 55233, Indonesia","-7.782707,110.370940",BOD,mg/L,2022,Maret,0.4,3,SNI 6989.72 :2009
Air Sungai,303,Sungai Code Jembatan Gondolayu,"Jl. Jend. Sudirman No.33, Cokrodiningratan, Kec. Jetis, Kota Yogyakarta, Daerah Istimewa Yogyakarta 55233, Indonesia","-7.782707,110.370940",DO,mg/L,2022,Maret,7.85,4,APHA 4500-O G. 2017
Air Sungai,303,Sungai Code Jembatan Gondolayu,"Jl. Jend. Sudirman No.33, Cokrodiningratan, Kec. Jetis, Kota Yogyakarta, Daerah Istimewa Yogyakarta 55233, Indonesia","-7.782707,110.370940",Cu Terlarut,mg/L,2022,Maret,0.018,0.02,SNI 6989.6: 2009
Air Sungai,303,Sungai Code Jembatan Gondolayu,"Jl. Jend. Sudirman No.33, Cokrodiningratan, Kec. Jetis, Kota Yogyakarta, Daerah Istimewa Yogyakarta 55233, Indonesia","-7.782707,110.370940",Ortofosfat,mg/L,2022,Maret,0.35,Tidak dipersyaratkan,SNI 6989-31:2021
Air Sungai,303,Sungai Code Jembatan Gondolayu,"Jl. Jend. Sudirman No.33, Cokrodiningratan, Kec. Jetis, Kota Yogyakarta, Daerah Istimewa Yogyakarta 55233, Indonesia","-7.782707,110.370940",Nitrat Sebagai N,mg/L,2022,Maret,1.414,10,"SM APHA 23rd Ed, 4500-NO3-B 2017"
Air Sungai,303,Sungai Code Jembatan Gondolayu,"Jl. Jend. Sudirman No.33, Cokrodiningratan, Kec. Jetis, Kota Yogyakarta, Daerah Istimewa Yogyakarta 55233, Indonesia","-7.782707,110.370940",Nitrit Sebagai N,mg/L,2022,Maret,0.025,0.06,SNI 06-6989.9-2004
Air Sungai,303,Sungai Code Jembatan Gondolayu,"Jl. Jend. Sudirman No.33, Cokrodiningratan, Kec. Jetis, Kota Yogyakarta, Daerah Istimewa Yogyakarta 55233, Indonesia","-7.782707,110.370940",Zn terlarut,mg/L,2022,Maret,0.017,0.05,SNI-06-6989.84:2019
Air Sungai,303,Sungai Code Jembatan Gondolayu,"Jl. Jend. Sudirman No.33, Cokrodiningratan, Kec. Jetis, Kota Yogyakarta, Daerah Istimewa Yogyakarta 55233, Indonesia","-7.782707,110.370940",Sulfat,mg/L,2022,Maret,19.2,300,SNI 6989.20-2019
Mikrobiologi Air Sungai,321,Sungai Code Jembatan Gondolayu,"Jl. Jend. Sudirman No.33, Cokrodiningratan, Kec. Jetis, Kota Yogyakarta, Daerah Istimewa Yogyakarta 55233, Indonesia","-7.782707,110.370940",Faecal Coliform,MPN/100 ml,2022,April,17.0,1000,"APHA 22nd Edition, 9221 E, 2012"
Mikrobiologi Air Sungai,321,Sungai Code Jembatan Gondolayu,"Jl. Jend. Sudirman No.33, Cokrodiningratan, Kec. Jetis, Kota Yogyakarta, Daerah Istimewa Yogyakarta 55233, Indonesia","-7.782707,110.370940",Total coliform,MPN/100 ml,2022,April,130.0,5000,"APHA 22nd Edition, 9221 B, 2012"
Air Sungai,320,Sungai Code Jembatan Gondolayu,"Jl. Jend. Sudirman No.33, Cokrodiningratan, Kec. Jetis, Kota Yogyakarta, Daerah Istimewa Yogyakarta 55233, Indonesia","-7.782707,110.370940",Residu Terlarut (TDS),mg/L,2022,April,138.0,1000,TDS portablemeter
Air Sungai,320,Sungai Code Jembatan Gondolayu,"Jl. Jend. Sudirman No.33, Cokrodiningratan, Kec. Jetis, Kota Yogyakarta, Daerah Istimewa Yogyakarta 55233, Indonesia","-7.782707,110.370940",Suhu,?C,2022,April,27.3,suhu udara ? 3?C,SNI 06 - 6989.23 - 2005
Air Sungai,320,Sungai Code Jembatan Gondolayu,"Jl. Jend. Sudirman No.33, Cokrodiningratan, Kec. Jetis, Kota Yogyakarta, Daerah Istimewa Yogyakarta 55233, Indonesia","-7.782707,110.370940",DHL,?mhos/cm,2022,April,254.0,Tidak dipersyaratkan,SNI 6989.1:2019
Air Sungai,320,Sungai Code Jembatan Gondolayu,"Jl. Jend. Sudirman No.33, Cokrodiningratan, Kec. Jetis, Kota Yogyakarta, Daerah Istimewa Yogyakarta 55233, Indonesia","-7.782707,110.370940",Warna,TCU,2022,April,196.0,50,SNI 6989.80:2011
Air Sungai,320,Sungai Code Jembatan Gondolayu,"Jl. Jend. Sudirman No.33, Cokrodiningratan, Kec. Jetis, Kota Yogyakarta, Daerah Istimewa Yogyakarta 55233, Indonesia","-7.782707,110.370940",pH,,2022,April,6.13,9-Jun,SNI 6989.11 : 2019
Air Sungai,320,Sungai Code Jembatan Gondolayu,"Jl. Jend. Sudirman No.33, Cokrodiningratan, Kec. Jetis, Kota Yogyakarta, Daerah Istimewa Yogyakarta 55233, Indonesia","-7.782707,110.370940",klorida,mg/L,2022,April,7.8,800,SNI 6989.19-2009
Air Sungai,320,Sungai Code Jembatan Gondolayu,"Jl. Jend. Sudirman No.33, Cokrodiningratan, Kec. Jetis, Kota Yogyakarta, Daerah Istimewa Yogyakarta 55233, Indonesia","-7.782707,110.370940",COD,mg/L,2022,April,10.1,25,SNI 6989.2-2019
Air Sungai,320,Sungai Code Jembatan Gondolayu,"Jl. Jend. Sudirman No.33, Cokrodiningratan, Kec. Jetis, Kota Yogyakarta, Daerah Istimewa Yogyakarta 55233, Indonesia","-7.782707,110.370940",BOD,mg/L,2022,April,1.4,3,SNI 6989.72 :2009
Air Sungai,320,Sungai Code Jembatan Gondolayu,"Jl. Jend. Sudirman No.33, Cokrodiningratan, Kec. Jetis, Kota Yogyakarta, Daerah Istimewa Yogyakarta 55233, Indonesia","-7.782707,110.370940",DO,mg/L,2022,April,7.4,4,APHA 4500-O G. 2017
Air Sungai,320,Sungai Code Jembatan Gondolayu,"Jl. Jend. Sudirman No.33, Cokrodiningratan, Kec. Jetis, Kota Yogyakarta, Daerah Istimewa Yogyakarta 55233, Indonesia","-7.782707,110.370940",Cu Terlarut,mg/L,2022,April,0.018,0.02,SNI 6989.6: 2009
Air Sungai,320,Sungai Code Jembatan Gondolayu,"Jl. Jend. Sudirman No.33, Cokrodiningratan, Kec. Jetis, Kota Yogyakarta, Daerah Istimewa Yogyakarta 55233, Indonesia","-7.782707,110.370940",Ortofosfat,mg/L,2022,April,0.39,Tidak dipersyaratkan,SNI 6989-31:2021
Air Sungai,320,Sungai Code Jembatan Gondolayu,"Jl. Jend. Sudirman No.33, Cokrodiningratan, Kec. Jetis, Kota Yogyakarta, Daerah Istimewa Yogyakarta 55233, Indonesia","-7.782707,110.370940",Nitrat Sebagai N,mg/L,2022,April,1.313,10,"SM APHA 23rd Ed, 4500-NO3-B 2017"
Air Sungai,320,Sungai Code Jembatan Gondolayu,"Jl. Jend. Sudirman No.33, Cokrodiningratan, Kec. Jetis, Kota Yogyakarta, Daerah Istimewa Yogyakarta 55233, Indonesia","-7.782707,110.370940",Nitrit Sebagai N,mg/L,2022,April,0.027,0.06,SNI 06-6989.9-2004
Air Sungai,320,Sungai Code Jembatan Gondolayu,"Jl. Jend. Sudirman No.33, Cokrodiningratan, Kec. Jetis, Kota Yogyakarta, Daerah Istimewa Yogyakarta 55233, Indonesia","-7.782707,110.370940",Zn terlarut,mg/L,2022,April,0.015,0.05,SNI-06-6989.84:2019
Air Sungai,320,Sungai Code Jembatan Gondolayu,"Jl. Jend. Sudirman No.33, Cokrodiningratan, Kec. Jetis, Kota Yogyakarta, Daerah Istimewa Yogyakarta 55233, Indonesia","-7.782707,110.370940",Sulfat,mg/L,2022,April,36.4,300,SNI 6989.20-2019
Air Sungai,335,Sungai Code Jembatan Gondolayu,"Jl. Jend. Sudirman No.33, Cokrodiningratan, Kec. Jetis, Kota Yogyakarta, Daerah Istimewa Yogyakarta 55233, Indonesia","-7.782707,110.370940",Residu Terlarut (TDS),mg/L,2022,Mei,183.0,1000,TDS portablemeter
Air Sungai,335,Sungai Code Jembatan Gondolayu,"Jl. Jend. Sudirman No.33, Cokrodiningratan, Kec. Jetis, Kota Yogyakarta, Daerah Istimewa Yogyakarta 55233, Indonesia","-7.782707,110.370940",Suhu,?C,2022,Mei,29.2,suhu udara ? 3?C,SNI 06 - 6989.23 - 2005
Air Sungai,335,Sungai Code Jembatan Gondolayu,"Jl. Jend. Sudirman No.33, Cokrodiningratan, Kec. Jetis, Kota Yogyakarta, Daerah Istimewa Yogyakarta 55233, Indonesia","-7.782707,110.370940",DHL,?mhos/cm,2022,Mei,360.0,Tidak dipersyaratkan,SNI 6989.1:2019
Air Sungai,335,Sungai Code Jembatan Gondolayu,"Jl. Jend. Sudirman No.33, Cokrodiningratan, Kec. Jetis, Kota Yogyakarta, Daerah Istimewa Yogyakarta 55233, Indonesia","-7.782707,110.370940",Warna,TCU,2022,Mei,47.0,50,SNI 6989.80:2011
Air Sungai,335,Sungai Code Jembatan Gondolayu,"Jl. Jend. Sudirman No.33, Cokrodiningratan, Kec. Jetis, Kota Yogyakarta, Daerah Istimewa Yogyakarta 55233, Indonesia","-7.782707,110.370940",pH,,2022,Mei,6.43,9-Jun,SNI 6989.11 : 2019
Air Sungai,335,Sungai Code Jembatan Gondolayu,"Jl. Jend. Sudirman No.33, Cokrodiningratan, Kec. Jetis, Kota Yogyakarta, Daerah Istimewa Yogyakarta 55233, Indonesia","-7.782707,110.370940",klorida,mg/L,2022,Mei,14.1,800,SNI 6989.19-2009
Air Sungai,335,Sungai Code Jembatan Gondolayu,"Jl. Jend. Sudirman No.33, Cokrodiningratan, Kec. Jetis, Kota Yogyakarta, Daerah Istimewa Yogyakarta 55233, Indonesia","-7.782707,110.370940",COD,mg/L,2022,Mei,4.6,25,SNI 6989.2-2019
Air Sungai,335,Sungai Code Jembatan Gondolayu,"Jl. Jend. Sudirman No.33, Cokrodiningratan, Kec. Jetis, Kota Yogyakarta, Daerah Istimewa Yogyakarta 55233, Indonesia","-7.782707,110.370940",BOD,mg/L,2022,Mei,4.5,3,SNI 6989.72 :2009
Air Sungai,335,Sungai Code Jembatan Gondolayu,"Jl. Jend. Sudirman No.33, Cokrodiningratan, Kec. Jetis, Kota Yogyakarta, Daerah Istimewa Yogyakarta 55233, Indonesia","-7.782707,110.370940",DO,mg/L,2022,Mei,7.4,4,APHA 4500-O G. 2017
Air Sungai,335,Sungai Code Jembatan Gondolayu,"Jl. Jend. Sudirman No.33, Cokrodiningratan, Kec. Jetis, Kota Yogyakarta, Daerah Istimewa Yogyakarta 55233, Indonesia","-7.782707,110.370940",Cu Terlarut,mg/L,2022,Mei,0.018,0.02,SNI 6989.6: 2009
Air Sungai,335,Sungai Code Jembatan Gondolayu,"Jl. Jend. Sudirman No.33, Cokrodiningratan, Kec. Jetis, Kota Yogyakarta, Daerah Istimewa Yogyakarta 55233, Indonesia","-7.782707,110.370940",Ortofosfat,mg/L,2022,Mei,0.52,Tidak dipersyaratkan,SNI 6989-31:2021
Air Sungai,335,Sungai Code Jembatan Gondolayu,"Jl. Jend. Sudirman No.33, Cokrodiningratan, Kec. Jetis, Kota Yogyakarta, Daerah Istimewa Yogyakarta 55233, Indonesia","-7.782707,110.370940",Nitrat Sebagai N,mg/L,2022,Mei,2.07,10,"SM APHA 23rd Ed, 4500-NO3-B 2017"
Air Sungai,335,Sungai Code Jembatan Gondolayu,"Jl. Jend. Sudirman No.33, Cokrodiningratan, Kec. Jetis, Kota Yogyakarta, Daerah Istimewa Yogyakarta 55233, Indonesia","-7.782707,110.370940",Nitrit Sebagai N,mg/L,2022,Mei,0.039,0.06,SNI 06-6989.9-2004
Air Sungai,335,Sungai Code Jembatan Gondolayu,"Jl. Jend. Sudirman No.33, Cokrodiningratan, Kec. Jetis, Kota Yogyakarta, Daerah Istimewa Yogyakarta 55233, Indonesia","-7.782707,110.370940",Zn terlarut,mg/L,2022,Mei,0.015,0.05,SNI-06-6989.84:2019
Air Sungai,335,Sungai Code Jembatan Gondolayu,"Jl. Jend. Sudirman No.33, Cokrodiningratan, Kec. Jetis, Kota Yogyakarta, Daerah Istimewa Yogyakarta 55233, Indonesia","-7.782707,110.370940",Sulfat,mg/L,2022,Mei,29.4,300,SNI 6989.20-2019
Mikrobiologi Air Sungai,338,Sungai Code Jembatan Gondolayu,"Jl. Jend. Sudirman No.33, Cokrodiningratan, Kec. Jetis, Kota Yogyakarta, Daerah Istimewa Yogyakarta 55233, Indonesia","-7.782707,110.370940",Faecal Coliform,MPN/100 ml,2022,Mei,240.0,1000,"APHA 22nd Edition, 9221 E, 2012"
Mikrobiologi Air Sungai,338,Sungai Code Jembatan Gondolayu,"Jl. Jend. Sudirman No.33, Cokrodiningratan, Kec. Jetis, Kota Yogyakarta, Daerah Istimewa Yogyakarta 55233, Indonesia","-7.782707,110.370940",Total coliform,MPN/100 ml,2022,Mei,240.0,5000,"APHA 22nd Edition, 9221 B, 2012"
Air Sungai,349,Sungai Code Jembatan Gondolayu,"Jl. Jend. Sudirman No.33, Cokrodiningratan, Kec. Jetis, Kota Yogyakarta, Daerah Istimewa Yogyakarta 55233, Indonesia","-7.782707,110.370940",Residu Terlarut (TDS),mg/L,2022,Juni,175.0,1000,TDS portablemeter
Air Sungai,349,Sungai Code Jembatan Gondolayu,"Jl. Jend. Sudirman No.33, Cokrodiningratan, Kec. Jetis, Kota Yogyakarta, Daerah Istimewa Yogyakarta 55233, Indonesia","-7.782707,110.370940",Suhu,?C,2022,Juni,28.2,suhu udara ? 3?C,SNI 06 - 6989.23 - 2005
Air Sungai,349,Sungai Code Jembatan Gondolayu,"Jl. Jend. Sudirman No.33, Cokrodiningratan, Kec. Jetis, Kota Yogyakarta, Daerah Istimewa Yogyakarta 55233, Indonesia","-7.782707,110.370940",DHL,?mhos/cm,2022,Juni,348.0,Tidak dipersyaratkan,SNI 6989.1:2019
Air Sungai,349,Sungai Code Jembatan Gondolayu,"Jl. Jend. Sudirman No.33, Cokrodiningratan, Kec. Jetis, Kota Yogyakarta, Daerah Istimewa Yogyakarta 55233, Indonesia","-7.782707,110.370940",Warna,TCU,2022,Juni,57.0,50,SNI 6989.80:2011
Air Sungai,349,Sungai Code Jembatan Gondolayu,"Jl. Jend. Sudirman No.33, Cokrodiningratan, Kec. Jetis, Kota Yogyakarta, Daerah Istimewa Yogyakarta 55233, Indonesia","-7.782707,110.370940",pH,,2022,Juni,6.37,9-Jun,SNI 6989.11 : 2019
Air Sungai,349,Sungai Code Jembatan Gondolayu,"Jl. Jend. Sudirman No.33, Cokrodiningratan, Kec. Jetis, Kota Yogyakarta, Daerah Istimewa Yogyakarta 55233, Indonesia","-7.782707,110.370940",klorida,mg/L,2022,Juni,12.6,800,SNI 6989.19-2009
Air Sungai,349,Sungai Code Jembatan Gondolayu,"Jl. Jend. Sudirman No.33, Cokrodiningratan, Kec. Jetis, Kota Yogyakarta, Daerah Istimewa Yogyakarta 55233, Indonesia","-7.782707,110.370940",COD,mg/L,2022,Juni,4.9,25,SNI 6989.2-2019
Air Sungai,349,Sungai Code Jembatan Gondolayu,"Jl. Jend. Sudirman No.33, Cokrodiningratan, Kec. Jetis, Kota Yogyakarta, Daerah Istimewa Yogyakarta 55233, Indonesia","-7.782707,110.370940",BOD,mg/L,2022,Juni,1.9,3,SNI 6989.72 :2009
Air Sungai,349,Sungai Code Jembatan Gondolayu,"Jl. Jend. Sudirman No.33, Cokrodiningratan, Kec. Jetis, Kota Yogyakarta, Daerah Istimewa Yogyakarta 55233, Indonesia","-7.782707,110.370940",DO,mg/L,2022,Juni,5.9,4,APHA 4500-O G. 2017
Air Sungai,349,Sungai Code Jembatan Gondolayu,"Jl. Jend. Sudirman No.33, Cokrodiningratan, Kec. Jetis, Kota Yogyakarta, Daerah Istimewa Yogyakarta 55233, Indonesia","-7.782707,110.370940",Cu Terlarut,mg/L,2022,Juni,0.018,0.02,SNI 6989.6: 2009
Air Sungai,349,Sungai Code Jembatan Gondolayu,"Jl. Jend. Sudirman No.33, Cokrodiningratan, Kec. Jetis, Kota Yogyakarta, Daerah Istimewa Yogyakarta 55233, Indonesia","-7.782707,110.370940",Ortofosfat,mg/L,2022,Juni,0.3,Tidak dipersyaratkan,SNI 6989-31:2021
Air Sungai,349,Sungai Code Jembatan Gondolayu,"Jl. Jend. Sudirman No.33, Cokrodiningratan, Kec. Jetis, Kota Yogyakarta, Daerah Istimewa Yogyakarta 55233, Indonesia","-7.782707,110.370940",Nitrat Sebagai N,mg/L,2022,Juni,2.057,10,"SM APHA 23rd Ed, 4500-NO3-B 2017"
Air Sungai,349,Sungai Code Jembatan Gondolayu,"Jl. Jend. Sudirman No.33, Cokrodiningratan, Kec. Jetis, Kota Yogyakarta, Daerah Istimewa Yogyakarta 55233, Indonesia","-7.782707,110.370940",Nitrit Sebagai N,mg/L,2022,Juni,0.059,0.06,SNI 06-6989.9-2004
Air Sungai,349,Sungai Code Jembatan Gondolayu,"Jl. Jend. Sudirman No.33, Cokrodiningratan, Kec. Jetis, Kota Yogyakarta, Daerah Istimewa Yogyakarta 55233, Indonesia","-7.782707,110.370940",Zn terlarut,mg/L,2022,Juni,0.015,0.05,SNI-06-6989.84:2019
Air Sungai,349,Sungai Code Jembatan Gondolayu,"Jl. Jend. Sudirman No.33, Cokrodiningratan, Kec. Jetis, Kota Yogyakarta, Daerah Istimewa Yogyakarta 55233, Indonesia","-7.782707,110.370940",Sulfat,mg/L,2022,Juni,38.2,300,SNI 6989.20-2019
Mikrobiologi Air Sungai,352,Sungai Code Jembatan Gondolayu,"Jl. Jend. Sudirman No.33, Cokrodiningratan, Kec. Jetis, Kota Yogyakarta, Daerah Istimewa Yogyakarta 55233, Indonesia","-7.782707,110.370940",Faecal Coliform,MPN/100 ml,2022,Juni,68.0,1000,"APHA 22nd Edition, 9221 E, 2012"
Mikrobiologi Air Sungai,352,Sungai Code Jembatan Gondolayu,"Jl. Jend. Sudirman No.33, Cokrodiningratan, Kec. Jetis, Kota Yogyakarta, Daerah Istimewa Yogyakarta 55233, Indonesia","-7.782707,110.370940",Total coliform,MPN/100 ml,2022,Juni,49.0,5000,"APHA 22nd Edition, 9221 B, 2012"
Air Sungai,386,Sungai Code Jembatan Gondolayu,"Jl. Jend. Sudirman No.33, Cokrodiningratan, Kec. Jetis, Kota Yogyakarta, Daerah Istimewa Yogyakarta 55233, Indonesia","-7.782707,110.370940",Residu Terlarut (TDS),mg/L,2022,Juli,248.0,1000,TDS portablemeter
Air Sungai,386,Sungai Code Jembatan Gondolayu,"Jl. Jend. Sudirman No.33, Cokrodiningratan, Kec. Jetis, Kota Yogyakarta, Daerah Istimewa Yogyakarta 55233, Indonesia","-7.782707,110.370940",Suhu,?C,2022,Juli,28.2,suhu udara ? 3?C,SNI 06 - 6989.23 - 2005
Air Sungai,386,Sungai Code Jembatan Gondolayu,"Jl. Jend. Sudirman No.33, Cokrodiningratan, Kec. Jetis, Kota Yogyakarta, Daerah Istimewa Yogyakarta 55233, Indonesia","-7.782707,110.370940",DHL,?mhos/cm,2022,Juli,375.0,Tidak dipersyaratkan,SNI 6989.1:2019
Air Sungai,386,Sungai Code Jembatan Gondolayu,"Jl. Jend. Sudirman No.33, Cokrodiningratan, Kec. Jetis, Kota Yogyakarta, Daerah Istimewa Yogyakarta 55233, Indonesia","-7.782707,110.370940",Warna,TCU,2022,Juli,77.0,50,SNI 6989.80:2011
Air Sungai,386,Sungai Code Jembatan Gondolayu,"Jl. Jend. Sudirman No.33, Cokrodiningratan, Kec. Jetis, Kota Yogyakarta, Daerah Istimewa Yogyakarta 55233, Indonesia","-7.782707,110.370940",pH,,2022,Juli,6.46,9-Jun,SNI 6989.11 : 2019
Air Sungai,386,Sungai Code Jembatan Gondolayu,"Jl. Jend. Sudirman No.33, Cokrodiningratan, Kec. Jetis, Kota Yogyakarta, Daerah Istimewa Yogyakarta 55233, Indonesia","-7.782707,110.370940",klorida,mg/L,2022,Juli,25.2,800,SNI 6989.19-2009
Air Sungai,386,Sungai Code Jembatan Gondolayu,"Jl. Jend. Sudirman No.33, Cokrodiningratan, Kec. Jetis, Kota Yogyakarta, Daerah Istimewa Yogyakarta 55233, Indonesia","-7.782707,110.370940",COD,mg/L,2022,Juli,4.0,25,SNI 6989.2-2019
Air Sungai,386,Sungai Code Jembatan Gondolayu,"Jl. Jend. Sudirman No.33, Cokrodiningratan, Kec. Jetis, Kota Yogyakarta, Daerah Istimewa Yogyakarta 55233, Indonesia","-7.782707,110.370940",BOD,mg/L,2022,Juli,1.0,3,SNI 6989.72 :2009
Air Sungai,386,Sungai Code Jembatan Gondolayu,"Jl. Jend. Sudirman No.33, Cokrodiningratan, Kec. Jetis, Kota Yogyakarta, Daerah Istimewa Yogyakarta 55233, Indonesia","-7.782707,110.370940",DO,mg/L,2022,Juli,5.1,4,APHA 4500-O G. 2017
Air Sungai,386,Sungai Code Jembatan Gondolayu,"Jl. Jend. Sudirman No.33, Cokrodiningratan, Kec. Jetis, Kota Yogyakarta, Daerah Istimewa Yogyakarta 55233, Indonesia","-7.782707,110.370940",Cu Terlarut,mg/L,2022,Juli,0.018,0.02,SNI 6989.6: 2009
Air Sungai,386,Sungai Code Jembatan Gondolayu,"Jl. Jend. Sudirman No.33, Cokrodiningratan, Kec. Jetis, Kota Yogyakarta, Daerah Istimewa Yogyakarta 55233, Indonesia","-7.782707,110.370940",Ortofosfat,mg/L,2022,Juli,0.6,Tidak dipersyaratkan,SNI 6989-31:2021
Air Sungai,386,Sungai Code Jembatan Gondolayu,"Jl. Jend. Sudirman No.33, Cokrodiningratan, Kec. Jetis, Kota Yogyakarta, Daerah Istimewa Yogyakarta 55233, Indonesia","-7.782707,110.370940",Nitrat Sebagai N,mg/L,2022,Juli,2.846,10,"SM APHA 23rd Ed, 4500-NO3-B 2017"
Air Sungai,386,Sungai Code Jembatan Gondolayu,"Jl. Jend. Sudirman No.33, Cokrodiningratan, Kec. Jetis, Kota Yogyakarta, Daerah Istimewa Yogyakarta 55233, Indonesia","-7.782707,110.370940",Nitrit Sebagai N,mg/L,2022,Juli,0.089,0.06,SNI 06-6989.9-2004
Air Sungai,386,Sungai Code Jembatan Gondolayu,"Jl. Jend. Sudirman No.33, Cokrodiningratan, Kec. Jetis, Kota Yogyakarta, Daerah Istimewa Yogyakarta 55233, Indonesia","-7.782707,110.370940",Zn terlarut,mg/L,2022,Juli,0.015,0.05,SNI-06-6989.84:2019
Air Sungai,386,Sungai Code Jembatan Gondolayu,"Jl. Jend. Sudirman No.33, Cokrodiningratan, Kec. Jetis, Kota Yogyakarta, Daerah Istimewa Yogyakarta 55233, Indonesia","-7.782707,110.370940",Sulfat,mg/L,2022,Juli,19.6,300,SNI 6989.20-2019
Mikrobiologi Air Sungai,387,Sungai Code Jembatan Gondolayu,"Jl. Jend. Sudirman No.33, Cokrodiningratan, Kec. Jetis, Kota Yogyakarta, Daerah Istimewa Yogyakarta 55233, Indonesia","-7.782707,110.370940",Faecal Coliform,MPN/100 ml,2022,Juli,27.0,1000,"APHA 22nd Edition, 9221 E, 2012"
Mikrobiologi Air Sungai,387,Sungai Code Jembatan Gondolayu,"Jl. Jend. Sudirman No.33, Cokrodiningratan, Kec. Jetis, Kota Yogyakarta, Daerah Istimewa Yogyakarta 55233, Indonesia","-7.782707,110.370940",Total coliform,MPN/100 ml,2022,Juli,79.0,5000,"APHA 22nd Edition, 9221 B, 2012"
Air Sungai,394,Sungai Code Jembatan Gondolayu,"Jl. Jend. Sudirman No.33, Cokrodiningratan, Kec. Jetis, Kota Yogyakarta, Daerah Istimewa Yogyakarta 55233, Indonesia","-7.782707,110.370940",Residu Terlarut (TDS),mg/L,2022,Agustus,218.0,1000,TDS portablemeter
Air Sungai,394,Sungai Code Jembatan Gondolayu,"Jl. Jend. Sudirman No.33, Cokrodiningratan, Kec. Jetis, Kota Yogyakarta, Daerah Istimewa Yogyakarta 55233, Indonesia","-7.782707,110.370940",Suhu,?C,2022,Agustus,27.6,suhu udara ? 3?C,SNI 06 - 6989.23 - 2005
Air Sungai,394,Sungai Code Jembatan Gondolayu,"Jl. Jend. Sudirman No.33, Cokrodiningratan, Kec. Jetis, Kota Yogyakarta, Daerah Istimewa Yogyakarta 55233, Indonesia","-7.782707,110.370940",DHL,?mhos/cm,2022,Agustus,324.0,Tidak dipersyaratkan,SNI 6989.1:2019
Air Sungai,394,Sungai Code Jembatan Gondolayu,"Jl. Jend. Sudirman No.33, Cokrodiningratan, Kec. Jetis, Kota Yogyakarta, Daerah Istimewa Yogyakarta 55233, Indonesia","-7.782707,110.370940",Warna,TCU,2022,Agustus,55.0,50,SNI 6989.80:2011
Air Sungai,394,Sungai Code Jembatan Gondolayu,"Jl. Jend. Sudirman No.33, Cokrodiningratan, Kec. Jetis, Kota Yogyakarta, Daerah Istimewa Yogyakarta 55233, Indonesia","-7.782707,110.370940",pH,,2022,Agustus,6.65,9-Jun,SNI 6989.11 : 2019
Air Sungai,394,Sungai Code Jembatan Gondolayu,"Jl. Jend. Sudirman No.33, Cokrodiningratan, Kec. Jetis, Kota Yogyakarta, Daerah Istimewa Yogyakarta 55233, Indonesia","-7.782707,110.370940",klorida,mg/L,2022,Agustus,33.2,800,SNI 6989.19-2009
Air Sungai,394,Sungai Code Jembatan Gondolayu,"Jl. Jend. Sudirman No.33, Cokrodiningratan, Kec. Jetis, Kota Yogyakarta, Daerah Istimewa Yogyakarta 55233, Indonesia","-7.782707,110.370940",COD,mg/L,2022,Agustus,2.2,25,SNI 6989.2-2019
Air Sungai,394,Sungai Code Jembatan Gondolayu,"Jl. Jend. Sudirman No.33, Cokrodiningratan, Kec. Jetis, Kota Yogyakarta, Daerah Istimewa Yogyakarta 55233, Indonesia","-7.782707,110.370940",BOD,mg/L,2022,Agustus,1.5,3,SNI 6989.72 :2009
Air Sungai,394,Sungai Code Jembatan Gondolayu,"Jl. Jend. Sudirman No.33, Cokrodiningratan, Kec. Jetis, Kota Yogyakarta, Daerah Istimewa Yogyakarta 55233, Indonesia","-7.782707,110.370940",DO,mg/L,2022,Agustus,6.8,4,APHA 4500-O G. 2017
Air Sungai,394,Sungai Code Jembatan Gondolayu,"Jl. Jend. Sudirman No.33, Cokrodiningratan, Kec. Jetis, Kota Yogyakarta, Daerah Istimewa Yogyakarta 55233, Indonesia","-7.782707,110.370940",Cu Terlarut,mg/L,2022,Agustus,0.018,0.02,SNI 6989.6: 2009
Air Sungai,394,Sungai Code Jembatan Gondolayu,"Jl. Jend. Sudirman No.33, Cokrodiningratan, Kec. Jetis, Kota Yogyakarta, Daerah Istimewa Yogyakarta 55233, Indonesia","-7.782707,110.370940",Ortofosfat,mg/L,2022,Agustus,0.7,Tidak dipersyaratkan,SNI 6989-31:2021
Air Sungai,394,Sungai Code Jembatan Gondolayu,"Jl. Jend. Sudirman No.33, Cokrodiningratan, Kec. Jetis, Kota Yogyakarta, Daerah Istimewa Yogyakarta 55233, Indonesia","-7.782707,110.370940",Nitrat Sebagai N,mg/L,2022,Agustus,2.967,10,"SM APHA 23rd Ed, 4500-NO3-B 2017"
Air Sungai,394,Sungai Code Jembatan Gondolayu,"Jl. Jend. Sudirman No.33, Cokrodiningratan, Kec. Jetis, Kota Yogyakarta, Daerah Istimewa Yogyakarta 55233, Indonesia","-7.782707,110.370940",Nitrit Sebagai N,mg/L,2022,Agustus,0.099,0.06,SNI 06-6989.9-2004
Air Sungai,394,Sungai Code Jembatan Gondolayu,"Jl. Jend. Sudirman No.33, Cokrodiningratan, Kec. Jetis, Kota Yogyakarta, Daerah Istimewa Yogyakarta 55233, Indonesia","-7.782707,110.370940",Zn terlarut,mg/L,2022,Agustus,0.015,0.05,SNI-06-6989.84:2019
Air Sungai,394,Sungai Code Jembatan Gondolayu,"Jl. Jend. Sudirman No.33, Cokrodiningratan, Kec. Jetis, Kota Yogyakarta, Daerah Istimewa Yogyakarta 55233, Indonesia","-7.782707,110.370940",Sulfat,mg/L,2022,Agustus,36.4,300,SNI 6989.20-2019
Mikrobiologi Air Sungai,395,Sungai Code Jembatan Gondolayu,"Jl. Jend. Sudirman No.33, Cokrodiningratan, Kec. Jetis, Kota Yogyakarta, Daerah Istimewa Yogyakarta 55233, Indonesia","-7.782707,110.370940",Faecal Coliform,MPN/100 ml,2022,Agustus,49.0,1000,"APHA 22nd Edition, 9221 E, 2012"
Mikrobiologi Air Sungai,395,Sungai Code Jembatan Gondolayu,"Jl. Jend. Sudirman No.33, Cokrodiningratan, Kec. Jetis, Kota Yogyakarta, Daerah Istimewa Yogyakarta 55233, Indonesia","-7.782707,110.370940",Total coliform,MPN/100 ml,2022,Agustus,23.0,5000,"APHA 22nd Edition, 9221 B, 2012"
Air Sungai,453,Sungai Code Jembatan Gondolayu,"TITIK 2 JEMBATAN GONDOLAYU (Jl. Jend. Sudirman No.33, Cokrodiningratan, Kec. Jetis, Kota Yogyakarta, Daerah Istimewa Yogyakarta 55233, Indonesia)","-7.782707,110.370940",Residu Terlarut (TDS),mg/L,2022,September,265.0,1000,TDS portablemeter
Air Sungai,453,Sungai Code Jembatan Gondolayu,"TITIK 2 JEMBATAN GONDOLAYU (Jl. Jend. Sudirman No.33, Cokrodiningratan, Kec. Jetis, Kota Yogyakarta, Daerah Istimewa Yogyakarta 55233, Indonesia)","-7.782707,110.370940",Suhu,?C,2022,September,27.6,suhu udara ? 3?C,SNI 06 - 6989.23 - 2005
Air Sungai,453,Sungai Code Jembatan Gondolayu,"TITIK 2 JEMBATAN GONDOLAYU (Jl. Jend. Sudirman No.33, Cokrodiningratan, Kec. Jetis, Kota Yogyakarta, Daerah Istimewa Yogyakarta 55233, Indonesia)","-7.782707,110.370940",DHL,?mhos/cm,2022,September,378.0,Tidak dipersyaratkan,SNI 6989.1:2019
Air Sungai,453,Sungai Code Jembatan Gondolayu,"TITIK 2 JEMBATAN GONDOLAYU (Jl. Jend. Sudirman No.33, Cokrodiningratan, Kec. Jetis, Kota Yogyakarta, Daerah Istimewa Yogyakarta 55233, Indonesia)","-7.782707,110.370940",Warna,TCU,2022,September,102.0,50,SNI 6989.80:2011
Air Sungai,453,Sungai Code Jembatan Gondolayu,"TITIK 2 JEMBATAN GONDOLAYU (Jl. Jend. Sudirman No.33, Cokrodiningratan, Kec. Jetis, Kota Yogyakarta, Daerah Istimewa Yogyakarta 55233, Indonesia)","-7.782707,110.370940",pH,,2022,September,6.58,9-Jun,SNI 6989.11 : 2019
Air Sungai,453,Sungai Code Jembatan Gondolayu,"TITIK 2 JEMBATAN GONDOLAYU (Jl. Jend. Sudirman No.33, Cokrodiningratan, Kec. Jetis, Kota Yogyakarta, Daerah Istimewa Yogyakarta 55233, Indonesia)","-7.782707,110.370940",klorida,mg/L,2022,September,45.5,800,SNI 6989.19-2009
Air Sungai,453,Sungai Code Jembatan Gondolayu,"TITIK 2 JEMBATAN GONDOLAYU (Jl. Jend. Sudirman No.33, Cokrodiningratan, Kec. Jetis, Kota Yogyakarta, Daerah Istimewa Yogyakarta 55233, Indonesia)","-7.782707,110.370940",COD,mg/L,2022,September,7.8,25,SNI 6989.2-2019
Air Sungai,453,Sungai Code Jembatan Gondolayu,"TITIK 2 JEMBATAN GONDOLAYU (Jl. Jend. Sudirman No.33, Cokrodiningratan, Kec. Jetis, Kota Yogyakarta, Daerah Istimewa Yogyakarta 55233, Indonesia)","-7.782707,110.370940",BOD,mg/L,2022,September,3.0,3,SNI 6989.72 :2009
Air Sungai,453,Sungai Code Jembatan Gondolayu,"TITIK 2 JEMBATAN GONDOLAYU (Jl. Jend. Sudirman No.33, Cokrodiningratan, Kec. Jetis, Kota Yogyakarta, Daerah Istimewa Yogyakarta 55233, Indonesia)","-7.782707,110.370940",DO,mg/L,2022,September,5.1,4,APHA 4500-O G. 2017
Air Sungai,453,Sungai Code Jembatan Gondolayu,"TITIK 2 JEMBATAN GONDOLAYU (Jl. Jend. Sudirman No.33, Cokrodiningratan, Kec. Jetis, Kota Yogyakarta, Daerah Istimewa Yogyakarta 55233, Indonesia)","-7.782707,110.370940",Cu Terlarut,mg/L,2022,September,0.018,0.02,SNI 6989.6: 2009
Air Sungai,453,Sungai Code Jembatan Gondolayu,"TITIK 2 JEMBATAN GONDOLAYU (Jl. Jend. Sudirman No.33, Cokrodiningratan, Kec. Jetis, Kota Yogyakarta, Daerah Istimewa Yogyakarta 55233, Indonesia)","-7.782707,110.370940",Ortofosfat,mg/L,2022,September,0.86,Tidak dipersyaratkan,SNI 6989-31:2021
Air Sungai,453,Sungai Code Jembatan Gondolayu,"TITIK 2 JEMBATAN GONDOLAYU (Jl. Jend. Sudirman No.33, Cokrodiningratan, Kec. Jetis, Kota Yogyakarta, Daerah Istimewa Yogyakarta 55233, Indonesia)","-7.782707,110.370940",Nitrat Sebagai N,mg/L,2022,September,2.928,10,"SM APHA 23rd Ed, 4500-NO3-B 2017"
Air Sungai,453,Sungai Code Jembatan Gondolayu,"TITIK 2 JEMBATAN GONDOLAYU (Jl. Jend. Sudirman No.33, Cokrodiningratan, Kec. Jetis, Kota Yogyakarta, Daerah Istimewa Yogyakarta 55233, Indonesia)","-7.782707,110.370940",Nitrit Sebagai N,mg/L,2022,September,0.118,0.06,SNI 06-6989.9-2004
Air Sungai,453,Sungai Code Jembatan Gondolayu,"TITIK 2 JEMBATAN GONDOLAYU (Jl. Jend. Sudirman No.33, Cokrodiningratan, Kec. Jetis, Kota Yogyakarta, Daerah Istimewa Yogyakarta 55233, Indonesia)","-7.782707,110.370940",Zn terlarut,mg/L,2022,September,0.015,0.05,SNI-06-6989.84:2019
Air Sungai,453,Sungai Code Jembatan Gondolayu,"TITIK 2 JEMBATAN GONDOLAYU (Jl. Jend. Sudirman No.33, Cokrodiningratan, Kec. Jetis, Kota Yogyakarta, Daerah Istimewa Yogyakarta 55233, Indonesia)","-7.782707,110.370940",Sulfat,mg/L,2022,September,47.0,300,SNI 6989.20-2019
Mikrobiologi Air Sungai,452,Sungai Code Jembatan Gondolayu,"TITIK 2 JEMBATAN GONDOLAYU (Jl. Jend. Sudirman No.33, Cokrodiningratan, Kec. Jetis, Kota Yogyakarta, Daerah Istimewa Yogyakarta 55233, Indonesia)","-7.782707,110.370940",Faecal Coliform,MPN/100 ml,2022,September,170.0,1000,"APHA 22nd Edition, 9221 E, 2012"
Mikrobiologi Air Sungai,452,Sungai Code Jembatan Gondolayu,"TITIK 2 JEMBATAN GONDOLAYU (Jl. Jend. Sudirman No.33, Cokrodiningratan, Kec. Jetis, Kota Yogyakarta, Daerah Istimewa Yogyakarta 55233, Indonesia)","-7.782707,110.370940",Total coliform,MPN/100 ml,2022,September,540.0,5000,"APHA 22nd Edition, 9221 B, 2012"
Air Sungai,479,Sungai Code Jembatan Gondolayu,"TITIK 2 JEMBATAN GONDOLAYU (Jl. Jend. Sudirman No.33, Cokrodiningratan, Kec. Jetis, Kota Yogyakarta, Daerah Istimewa Yogyakarta 55233, Indonesia)","-7.782707,110.370940",Residu Terlarut (TDS),mg/L,2022,Oktober,175.2,1000,TDS portablemeter
Air Sungai,479,Sungai Code Jembatan Gondolayu,"TITIK 2 JEMBATAN GONDOLAYU (Jl. Jend. Sudirman No.33, Cokrodiningratan, Kec. Jetis, Kota Yogyakarta, Daerah Istimewa Yogyakarta 55233, Indonesia)","-7.782707,110.370940",Suhu,?C,2022,Oktober,26.6,suhu udara ? 3?C,SNI 06 - 6989.23 - 2005
Air Sungai,479,Sungai Code Jembatan Gondolayu,"TITIK 2 JEMBATAN GONDOLAYU (Jl. Jend. Sudirman No.33, Cokrodiningratan, Kec. Jetis, Kota Yogyakarta, Daerah Istimewa Yogyakarta 55233, Indonesia)","-7.782707,110.370940",DHL,?mhos/cm,2022,Oktober,282.0,Tidak dipersyaratkan,SNI 6989.1:2019
Air Sungai,479,Sungai Code Jembatan Gondolayu,"TITIK 2 JEMBATAN GONDOLAYU (Jl. Jend. Sudirman No.33, Cokrodiningratan, Kec. Jetis, Kota Yogyakarta, Daerah Istimewa Yogyakarta 55233, Indonesia)","-7.782707,110.370940",Warna,TCU,2022,Oktober,102.0,50,SNI 6989.80:2011
Air Sungai,479,Sungai Code Jembatan Gondolayu,"TITIK 2 JEMBATAN GONDOLAYU (Jl. Jend. Sudirman No.33, Cokrodiningratan, Kec. Jetis, Kota Yogyakarta, Daerah Istimewa Yogyakarta 55233, Indonesia)","-7.782707,110.370940",pH,,2022,Oktober,6.49,9-Jun,SNI 6989.11 : 2019
Air Sungai,479,Sungai Code Jembatan Gondolayu,"TITIK 2 JEMBATAN GONDOLAYU (Jl. Jend. Sudirman No.33, Cokrodiningratan, Kec. Jetis, Kota Yogyakarta, Daerah Istimewa Yogyakarta 55233, Indonesia)","-7.782707,110.370940",klorida,mg/L,2022,Oktober,11.9,800,SNI 6989.19-2009
Air Sungai,479,Sungai Code Jembatan Gondolayu,"TITIK 2 JEMBATAN GONDOLAYU (Jl. Jend. Sudirman No.33, Cokrodiningratan, Kec. Jetis, Kota Yogyakarta, Daerah Istimewa Yogyakarta 55233, Indonesia)","-7.782707,110.370940",COD,mg/L,2022,Oktober,7.4,25,SNI 6989.2-2019
Air Sungai,479,Sungai Code Jembatan Gondolayu,"TITIK 2 JEMBATAN GONDOLAYU (Jl. Jend. Sudirman No.33, Cokrodiningratan, Kec. Jetis, Kota Yogyakarta, Daerah Istimewa Yogyakarta 55233, Indonesia)","-7.782707,110.370940",BOD,mg/L,2022,Oktober,1.5,3,SNI 6989.72 :2009
Air Sungai,479,Sungai Code Jembatan Gondolayu,"TITIK 2 JEMBATAN GONDOLAYU (Jl. Jend. Sudirman No.33, Cokrodiningratan, Kec. Jetis, Kota Yogyakarta, Daerah Istimewa Yogyakarta 55233, Indonesia)","-7.782707,110.370940",DO,mg/L,2022,Oktober,5.9,4,APHA 4500-O G. 2017
Air Sungai,479,Sungai Code Jembatan Gondolayu,"TITIK 2 JEMBATAN GONDOLAYU (Jl. Jend. Sudirman No.33, Cokrodiningratan, Kec. Jetis, Kota Yogyakarta, Daerah Istimewa Yogyakarta 55233, Indonesia)","-7.782707,110.370940",Cu Terlarut,mg/L,2022,Oktober,0.018,0.02,SNI 6989.6: 2009
Air Sungai,479,Sungai Code Jembatan Gondolayu,"TITIK 2 JEMBATAN GONDOLAYU (Jl. Jend. Sudirman No.33, Cokrodiningratan, Kec. Jetis, Kota Yogyakarta, Daerah Istimewa Yogyakarta 55233, Indonesia)","-7.782707,110.370940",Ortofosfat,mg/L,2022,Oktober,0.38,Tidak dipersyaratkan,SNI 6989-31:2021
Air Sungai,479,Sungai Code Jembatan Gondolayu,"TITIK 2 JEMBATAN GONDOLAYU (Jl. Jend. Sudirman No.33, Cokrodiningratan, Kec. Jetis, Kota Yogyakarta, Daerah Istimewa Yogyakarta 55233, Indonesia)","-7.782707,110.370940",Nitrat Sebagai N,mg/L,2022,Oktober,1.467,10,"SM APHA 23rd Ed, 4500-NO3-B 2017"
Air Sungai,479,Sungai Code Jembatan Gondolayu,"TITIK 2 JEMBATAN GONDOLAYU (Jl. Jend. Sudirman No.33, Cokrodiningratan, Kec. Jetis, Kota Yogyakarta, Daerah Istimewa Yogyakarta 55233, Indonesia)","-7.782707,110.370940",Nitrit Sebagai N,mg/L,2022,Oktober,0.026,0.06,SNI 06-6989.9-2004
Air Sungai,479,Sungai Code Jembatan Gondolayu,"TITIK 2 JEMBATAN GONDOLAYU (Jl. Jend. Sudirman No.33, Cokrodiningratan, Kec. Jetis, Kota Yogyakarta, Daerah Istimewa Yogyakarta 55233, Indonesia)","-7.782707,110.370940",Zn terlarut,mg/L,2022,Oktober,0.015,0.05,SNI-06-6989.84:2019
Air Sungai,479,Sungai Code Jembatan Gondolayu,"TITIK 2 JEMBATAN GONDOLAYU (Jl. Jend. Sudirman No.33, Cokrodiningratan, Kec. Jetis, Kota Yogyakarta, Daerah Istimewa Yogyakarta 55233, Indonesia)","-7.782707,110.370940",Sulfat,mg/L,2022,Oktober,23.7,300,SNI 6989.20-2019
Mikrobiologi Air Sungai,480,Sungai Code Jembatan Gondolayu,"TITIK 2 JEMBATAN GONDOLAYU (Jl. Jend. Sudirman No.33, Cokrodiningratan, Kec. Jetis, Kota Yogyakarta, Daerah Istimewa Yogyakarta 55233, Indonesia)","-7.782707,110.370940",Faecal Coliform,MPN/100 ml,2022,Oktober,22.0,1000,"APHA 22nd Edition, 9221 E, 2012"
Mikrobiologi Air Sungai,480,Sungai Code Jembatan Gondolayu,"TITIK 2 JEMBATAN GONDOLAYU (Jl. Jend. Sudirman No.33, Cokrodiningratan, Kec. Jetis, Kota Yogyakarta, Daerah Istimewa Yogyakarta 55233, Indonesia)","-7.782707,110.370940",Total coliform,MPN/100 ml,2022,Oktober,350.0,5000,"APHA 22nd Edition, 9221 B, 2012"
Air Sungai,513,Sungai Code Jembatan Gondolayu,"TITIK 2 JEMBATAN GONDOLAYU Jl. Jend. Sudirman No.33, Cokrodiningratan, Kec. Jetis, Kota Yogyakarta, Daerah Istimewa Yogyakarta 55233, Indonesia","-7.782707,110.370940",Residu Terlarut (TDS),mg/L,2022,November,131.4,1000,TDS portablemeter
Air Sungai,513,Sungai Code Jembatan Gondolayu,"TITIK 2 JEMBATAN GONDOLAYU Jl. Jend. Sudirman No.33, Cokrodiningratan, Kec. Jetis, Kota Yogyakarta, Daerah Istimewa Yogyakarta 55233, Indonesia","-7.782707,110.370940",Suhu,?C,2022,November,27.6,suhu udara ? 3?C,SNI 06 - 6989.23 - 2005
Air Sungai,513,Sungai Code Jembatan Gondolayu,"TITIK 2 JEMBATAN GONDOLAYU Jl. Jend. Sudirman No.33, Cokrodiningratan, Kec. Jetis, Kota Yogyakarta, Daerah Istimewa Yogyakarta 55233, Indonesia","-7.782707,110.370940",DHL,?mhos/cm,2022,November,203.0,Tidak dipersyaratkan,SNI 6989.1:2019
Air Sungai,513,Sungai Code Jembatan Gondolayu,"TITIK 2 JEMBATAN GONDOLAYU Jl. Jend. Sudirman No.33, Cokrodiningratan, Kec. Jetis, Kota Yogyakarta, Daerah Istimewa Yogyakarta 55233, Indonesia","-7.782707,110.370940",Warna,TCU,2022,November,74.0,50,SNI 6989.80:2011
Air Sungai,513,Sungai Code Jembatan Gondolayu,"TITIK 2 JEMBATAN GONDOLAYU Jl. Jend. Sudirman No.33, Cokrodiningratan, Kec. Jetis, Kota Yogyakarta, Daerah Istimewa Yogyakarta 55233, Indonesia","-7.782707,110.370940",pH,,2022,November,6.67,9-Jun,SNI 6989.11 : 2019
Air Sungai,513,Sungai Code Jembatan Gondolayu,"TITIK 2 JEMBATAN GONDOLAYU Jl. Jend. Sudirman No.33, Cokrodiningratan, Kec. Jetis, Kota Yogyakarta, Daerah Istimewa Yogyakarta 55233, Indonesia","-7.782707,110.370940",klorida,mg/L,2022,November,11.4,800,SNI 6989.19-2009
Air Sungai,513,Sungai Code Jembatan Gondolayu,"TITIK 2 JEMBATAN GONDOLAYU Jl. Jend. Sudirman No.33, Cokrodiningratan, Kec. Jetis, Kota Yogyakarta, Daerah Istimewa Yogyakarta 55233, Indonesia","-7.782707,110.370940",COD,mg/L,2022,November,2.3,25,SNI 6989.2-2019
Air Sungai,513,Sungai Code Jembatan Gondolayu,"TITIK 2 JEMBATAN GONDOLAYU Jl. Jend. Sudirman No.33, Cokrodiningratan, Kec. Jetis, Kota Yogyakarta, Daerah Istimewa Yogyakarta 55233, Indonesia","-7.782707,110.370940",BOD,mg/L,2022,November,1.2,3,SNI 6989.72 :2009
Air Sungai,513,Sungai Code Jembatan Gondolayu,"TITIK 2 JEMBATAN GONDOLAYU Jl. Jend. Sudirman No.33, Cokrodiningratan, Kec. Jetis, Kota Yogyakarta, Daerah Istimewa Yogyakarta 55233, Indonesia","-7.782707,110.370940",DO,mg/L,2022,November,6.9,4,APHA 4500-O G. 2017
Air Sungai,513,Sungai Code Jembatan Gondolayu,"TITIK 2 JEMBATAN GONDOLAYU Jl. Jend. Sudirman No.33, Cokrodiningratan, Kec. Jetis, Kota Yogyakarta, Daerah Istimewa Yogyakarta 55233, Indonesia","-7.782707,110.370940",Cu Terlarut,mg/L,2022,November,0.018,0.02,SNI 6989.6: 2009
Air Sungai,513,Sungai Code Jembatan Gondolayu,"TITIK 2 JEMBATAN GONDOLAYU Jl. Jend. Sudirman No.33, Cokrodiningratan, Kec. Jetis, Kota Yogyakarta, Daerah Istimewa Yogyakarta 55233, Indonesia","-7.782707,110.370940",Ortofosfat,mg/L,2022,November,0.25,Tidak dipersyaratkan,SNI 6989-31:2021
Air Sungai,513,Sungai Code Jembatan Gondolayu,"TITIK 2 JEMBATAN GONDOLAYU Jl. Jend. Sudirman No.33, Cokrodiningratan, Kec. Jetis, Kota Yogyakarta, Daerah Istimewa Yogyakarta 55233, Indonesia","-7.782707,110.370940",Nitrat Sebagai N,mg/L,2022,November,1.382,10,"SM APHA 23rd Ed, 4500-NO3-B 2017"
Air Sungai,513,Sungai Code Jembatan Gondolayu,"TITIK 2 JEMBATAN GONDOLAYU Jl. Jend. Sudirman No.33, Cokrodiningratan, Kec. Jetis, Kota Yogyakarta, Daerah Istimewa Yogyakarta 55233, Indonesia","-7.782707,110.370940",Nitrit Sebagai N,mg/L,2022,November,0.028,0.06,SNI 06-6989.9-2004
Air Sungai,513,Sungai Code Jembatan Gondolayu,"TITIK 2 JEMBATAN GONDOLAYU Jl. Jend. Sudirman No.33, Cokrodiningratan, Kec. Jetis, Kota Yogyakarta, Daerah Istimewa Yogyakarta 55233, Indonesia","-7.782707,110.370940",Zn terlarut,mg/L,2022,November,0.015,0.05,SNI-06-6989.84:2019
Air Sungai,513,Sungai Code Jembatan Gondolayu,"TITIK 2 JEMBATAN GONDOLAYU Jl. Jend. Sudirman No.33, Cokrodiningratan, Kec. Jetis, Kota Yogyakarta, Daerah Istimewa Yogyakarta 55233, Indonesia","-7.782707,110.370940",Sulfat,mg/L,2022,November,24.4,300,SNI 6989.20-2019
Mikrobiologi Air Sungai,514,Sungai Code Jembatan Gondolayu,"TITIK 2 JEMBATAN GONDOLAYU Jl. Jend. Sudirman No.33, Cokrodiningratan, Kec. Jetis, Kota Yogyakarta, Daerah Istimewa Yogyakarta 55233, Indonesia","-7.782707,110.370940",Faecal Coliform,MPN/100 ml,2022,November,49.0,1000,"APHA 22nd Edition, 9221 E, 2012"
Mikrobiologi Air Sungai,514,Sungai Code Jembatan Gondolayu,"TITIK 2 JEMBATAN GONDOLAYU Jl. Jend. Sudirman No.33, Cokrodiningratan, Kec. Jetis, Kota Yogyakarta, Daerah Istimewa Yogyakarta 55233, Indonesia","-7.782707,110.370940",Total coliform,MPN/100 ml,2022,November,110.0,5000,"APHA 22nd Edition, 9221 B, 2012"
Mikrobiologi Air Sungai,643,Sungai Code Jembatan Gondolayu,"Titik 2 Jembatan Gondolayu (Jl. Jend. Sudirman No.33, Cokrodiningratan, Kec. Jetis, Kota Yogyakarta, Daerah Istimewa Yogyakarta 55233, Indonesia)","-7.782707,110.370940",Faecal Coliform,MPN/100 ml,2023,Maret,11.0,1000,"APHA 22nd Edition, 9221 E, 2012"
Mikrobiologi Air Sungai,643,Sungai Code Jembatan Gondolayu,"Titik 2 Jembatan Gondolayu (Jl. Jend. Sudirman No.33, Cokrodiningratan, Kec. Jetis, Kota Yogyakarta, Daerah Istimewa Yogyakarta 55233, Indonesia)","-7.782707,110.370940",Total coliform,MPN/100 ml,2023,Maret,70.0,5000,"APHA 22nd Edition, 9221 B, 2012"
Air Sungai,644,Sungai Code Jembatan Gondolayu,"TITIK 2 JEMBATAN GONDOLAYU ( Jl. Jend. Sudirman No.33, Cokrodiningratan, Kec. Jetis, Kota Yogyakarta, Daerah Istimewa Yogyakarta 55233, Indonesia )","-7.782707,110.370940",Residu Terlarut (TDS),mg/L,2023,Maret,175.0,1000,TDS portablemeter
Air Sungai,644,Sungai Code Jembatan Gondolayu,"TITIK 2 JEMBATAN GONDOLAYU ( Jl. Jend. Sudirman No.33, Cokrodiningratan, Kec. Jetis, Kota Yogyakarta, Daerah Istimewa Yogyakarta 55233, Indonesia )","-7.782707,110.370940",Suhu,?C,2023,Maret,26.6,suhu udara ? 3?C,SNI 06 - 6989.23 - 2005
Air Sungai,644,Sungai Code Jembatan Gondolayu,"TITIK 2 JEMBATAN GONDOLAYU ( Jl. Jend. Sudirman No.33, Cokrodiningratan, Kec. Jetis, Kota Yogyakarta, Daerah Istimewa Yogyakarta 55233, Indonesia )","-7.782707,110.370940",DHL,?mhos/cm,2023,Maret,270.0,Tidak dipersyaratkan,SNI 6989.1:2019
Air Sungai,644,Sungai Code Jembatan Gondolayu,"TITIK 2 JEMBATAN GONDOLAYU ( Jl. Jend. Sudirman No.33, Cokrodiningratan, Kec. Jetis, Kota Yogyakarta, Daerah Istimewa Yogyakarta 55233, Indonesia )","-7.782707,110.370940",Warna,TCU,2023,Maret,146.0,50,SNI 6989.80:2011
Air Sungai,644,Sungai Code Jembatan Gondolayu,"TITIK 2 JEMBATAN GONDOLAYU ( Jl. Jend. Sudirman No.33, Cokrodiningratan, Kec. Jetis, Kota Yogyakarta, Daerah Istimewa Yogyakarta 55233, Indonesia )","-7.782707,110.370940",pH,,2023,Maret,6.38,9-Jun,SNI 6989.11 : 2019
Air Sungai,644,Sungai Code Jembatan Gondolayu,"TITIK 2 JEMBATAN GONDOLAYU ( Jl. Jend. Sudirman No.33, Cokrodiningratan, Kec. Jetis, Kota Yogyakarta, Daerah Istimewa Yogyakarta 55233, Indonesia )","-7.782707,110.370940",klorida,mg/L,2023,Maret,10.2,800,SNI 6989.19-2009
Air Sungai,644,Sungai Code Jembatan Gondolayu,"TITIK 2 JEMBATAN GONDOLAYU ( Jl. Jend. Sudirman No.33, Cokrodiningratan, Kec. Jetis, Kota Yogyakarta, Daerah Istimewa Yogyakarta 55233, Indonesia )","-7.782707,110.370940",COD,mg/L,2023,Maret,10.4,25,SNI 6989.2-2019
Air Sungai,644,Sungai Code Jembatan Gondolayu,"TITIK 2 JEMBATAN GONDOLAYU ( Jl. Jend. Sudirman No.33, Cokrodiningratan, Kec. Jetis, Kota Yogyakarta, Daerah Istimewa Yogyakarta 55233, Indonesia )","-7.782707,110.370940",BOD,mg/L,2023,Maret,0.8,3,SNI 6989.72 :2009
Air Sungai,644,Sungai Code Jembatan Gondolayu,"TITIK 2 JEMBATAN GONDOLAYU ( Jl. Jend. Sudirman No.33, Cokrodiningratan, Kec. Jetis, Kota Yogyakarta, Daerah Istimewa Yogyakarta 55233, Indonesia )","-7.782707,110.370940",DO,mg/L,2023,Maret,6.3,4,APHA 4500-O G. 2017
Air Sungai,644,Sungai Code Jembatan Gondolayu,"TITIK 2 JEMBATAN GONDOLAYU ( Jl. Jend. Sudirman No.33, Cokrodiningratan, Kec. Jetis, Kota Yogyakarta, Daerah Istimewa Yogyakarta 55233, Indonesia )","-7.782707,110.370940",Cu Terlarut,mg/L,2023,Maret,0.018,0.02,SNI 6989.6: 2009
Air Sungai,644,Sungai Code Jembatan Gondolayu,"TITIK 2 JEMBATAN GONDOLAYU ( Jl. Jend. Sudirman No.33, Cokrodiningratan, Kec. Jetis, Kota Yogyakarta, Daerah Istimewa Yogyakarta 55233, Indonesia )","-7.782707,110.370940",Ortofosfat,mg/L,2023,Maret,0.47,Tidak dipersyaratkan,SNI 6989-31:2021
Air Sungai,644,Sungai Code Jembatan Gondolayu,"TITIK 2 JEMBATAN GONDOLAYU ( Jl. Jend. Sudirman No.33, Cokrodiningratan, Kec. Jetis, Kota Yogyakarta, Daerah Istimewa Yogyakarta 55233, Indonesia )","-7.782707,110.370940",Nitrat Sebagai N,mg/L,2023,Maret,2.029,10,"SM APHA 23rd Ed, 4500-NO3-B 2017"
Air Sungai,644,Sungai Code Jembatan Gondolayu,"TITIK 2 JEMBATAN GONDOLAYU ( Jl. Jend. Sudirman No.33, Cokrodiningratan, Kec. Jetis, Kota Yogyakarta, Daerah Istimewa Yogyakarta 55233, Indonesia )","-7.782707,110.370940",Nitrit Sebagai N,mg/L,2023,Maret,0.038,0.06,SNI 06-6989.9-2004
Air Sungai,644,Sungai Code Jembatan Gondolayu,"TITIK 2 JEMBATAN GONDOLAYU ( Jl. Jend. Sudirman No.33, Cokrodiningratan, Kec. Jetis, Kota Yogyakarta, Daerah Istimewa Yogyakarta 55233, Indonesia )","-7.782707,110.370940",Zn terlarut,mg/L,2023,Maret,0.015,0.05,SNI-06-6989.84:2019
Air Sungai,644,Sungai Code Jembatan Gondolayu,"TITIK 2 JEMBATAN GONDOLAYU ( Jl. Jend. Sudirman No.33, Cokrodiningratan, Kec. Jetis, Kota Yogyakarta, Daerah Istimewa Yogyakarta 55233, Indonesia )","-7.782707,110.370940",Sulfat,mg/L,2023,Maret,21.1,300,SNI 6989.20-2019
Air Sungai,644,Sungai Code Jembatan Gondolayu,"TITIK 2 JEMBATAN GONDOLAYU ( Jl. Jend. Sudirman No.33, Cokrodiningratan, Kec. Jetis, Kota Yogyakarta, Daerah Istimewa Yogyakarta 55233, Indonesia )","-7.782707,110.370940",Total Fosfat sebagai P,mg/L,2023,Maret,0.27,0.2,SNI 6989-31:2021
Air Sungai,644,Sungai Code Jembatan Gondolayu,"TITIK 2 JEMBATAN GONDOLAYU ( Jl. Jend. Sudirman No.33, Cokrodiningratan, Kec. Jetis, Kota Yogyakarta, Daerah Istimewa Yogyakarta 55233, Indonesia )","-7.782707,110.370940",Residu Tersuspensi (TSS),mg/L,2023,Maret,51.2,50,SNI 6989.3-2019
Air Sungai,708,Sungai Code Jembatan Gondolayu,"TITIK 2 JEMBATAN GONDOLAYU Jl. Jend. Sudirman No.33, Cokrodiningratan, Kec. Jetis, Kota Yogyakarta, Daerah Istimewa Yogyakarta 55233, Indonesia","-7.782707,110.370940",Residu Terlarut (TDS),mg/L,2023,Mei,198.5,1000,TDS portablemeter
Air Sungai,708,Sungai Code Jembatan Gondolayu,"TITIK 2 JEMBATAN GONDOLAYU Jl. Jend. Sudirman No.33, Cokrodiningratan, Kec. Jetis, Kota Yogyakarta, Daerah Istimewa Yogyakarta 55233, Indonesia","-7.782707,110.370940",Suhu,?C,2023,Mei,26.6,suhu udara ? 3?C,SNI 06 - 6989.23 - 2005
Air Sungai,708,Sungai Code Jembatan Gondolayu,"TITIK 2 JEMBATAN GONDOLAYU Jl. Jend. Sudirman No.33, Cokrodiningratan, Kec. Jetis, Kota Yogyakarta, Daerah Istimewa Yogyakarta 55233, Indonesia","-7.782707,110.370940",DHL,?mhos/cm,2023,Mei,308.0,Tidak dipersyaratkan,SNI 6989.1:2019
Air Sungai,708,Sungai Code Jembatan Gondolayu,"TITIK 2 JEMBATAN GONDOLAYU Jl. Jend. Sudirman No.33, Cokrodiningratan, Kec. Jetis, Kota Yogyakarta, Daerah Istimewa Yogyakarta 55233, Indonesia","-7.782707,110.370940",Warna,TCU,2023,Mei,35.9,50,SNI 6989.80:2011
Air Sungai,708,Sungai Code Jembatan Gondolayu,"TITIK 2 JEMBATAN GONDOLAYU Jl. Jend. Sudirman No.33, Cokrodiningratan, Kec. Jetis, Kota Yogyakarta, Daerah Istimewa Yogyakarta 55233, Indonesia","-7.782707,110.370940",pH,,2023,Mei,7.7,9-Jun,SNI 6989.11 : 2019
Air Sungai,708,Sungai Code Jembatan Gondolayu,"TITIK 2 JEMBATAN GONDOLAYU Jl. Jend. Sudirman No.33, Cokrodiningratan, Kec. Jetis, Kota Yogyakarta, Daerah Istimewa Yogyakarta 55233, Indonesia","-7.782707,110.370940",klorida,mg/L,2023,Mei,13.7,800,SNI 6989.19-2009
Air Sungai,708,Sungai Code Jembatan Gondolayu,"TITIK 2 JEMBATAN GONDOLAYU Jl. Jend. Sudirman No.33, Cokrodiningratan, Kec. Jetis, Kota Yogyakarta, Daerah Istimewa Yogyakarta 55233, Indonesia","-7.782707,110.370940",COD,mg/L,2023,Mei,9.6,25,SNI 6989.2-2019
Air Sungai,708,Sungai Code Jembatan Gondolayu,"TITIK 2 JEMBATAN GONDOLAYU Jl. Jend. Sudirman No.33, Cokrodiningratan, Kec. Jetis, Kota Yogyakarta, Daerah Istimewa Yogyakarta 55233, Indonesia","-7.782707,110.370940",BOD,mg/L,2023,Mei,1.7,3,SNI 6989.72 :2009
Air Sungai,708,Sungai Code Jembatan Gondolayu,"TITIK 2 JEMBATAN GONDOLAYU Jl. Jend. Sudirman No.33, Cokrodiningratan, Kec. Jetis, Kota Yogyakarta, Daerah Istimewa Yogyakarta 55233, Indonesia","-7.782707,110.370940",DO,mg/L,2023,Mei,6.7,4,APHA 4500-O G. 2017
Air Sungai,708,Sungai Code Jembatan Gondolayu,"TITIK 2 JEMBATAN GONDOLAYU Jl. Jend. Sudirman No.33, Cokrodiningratan, Kec. Jetis, Kota Yogyakarta, Daerah Istimewa Yogyakarta 55233, Indonesia","-7.782707,110.370940",Cu Terlarut,mg/L,2023,Mei,0.018,0.02,SNI 6989.6: 2009
Air Sungai,708,Sungai Code Jembatan Gondolayu,"TITIK 2 JEMBATAN GONDOLAYU Jl. Jend. Sudirman No.33, Cokrodiningratan, Kec. Jetis, Kota Yogyakarta, Daerah Istimewa Yogyakarta 55233, Indonesia","-7.782707,110.370940",Ortofosfat,mg/L,2023,Mei,0.47,Tidak dipersyaratkan,SNI 6989-31:2021
Air Sungai,708,Sungai Code Jembatan Gondolayu,"TITIK 2 JEMBATAN GONDOLAYU Jl. Jend. Sudirman No.33, Cokrodiningratan, Kec. Jetis, Kota Yogyakarta, Daerah Istimewa Yogyakarta 55233, Indonesia","-7.782707,110.370940",Nitrat Sebagai N,mg/L,2023,Mei,2.2,10,"SM APHA 23rd Ed, 4500-NO3-B 2017"
Air Sungai,708,Sungai Code Jembatan Gondolayu,"TITIK 2 JEMBATAN GONDOLAYU Jl. Jend. Sudirman No.33, Cokrodiningratan, Kec. Jetis, Kota Yogyakarta, Daerah Istimewa Yogyakarta 55233, Indonesia","-7.782707,110.370940",Nitrit Sebagai N,mg/L,2023,Mei,0.054,0.06,SNI 06-6989.9-2004
Air Sungai,708,Sungai Code Jembatan Gondolayu,"TITIK 2 JEMBATAN GONDOLAYU Jl. Jend. Sudirman No.33, Cokrodiningratan, Kec. Jetis, Kota Yogyakarta, Daerah Istimewa Yogyakarta 55233, Indonesia","-7.782707,110.370940",Zn terlarut,mg/L,2023,Mei,0.015,0.05,SNI-06-6989.84:2019
Air Sungai,708,Sungai Code Jembatan Gondolayu,"TITIK 2 JEMBATAN GONDOLAYU Jl. Jend. Sudirman No.33, Cokrodiningratan, Kec. Jetis, Kota Yogyakarta, Daerah Istimewa Yogyakarta 55233, Indonesia","-7.782707,110.370940",Sulfat,mg/L,2023,Mei,23.3,300,SNI 6989.20-2019
Air Sungai,708,Sungai Code Jembatan Gondolayu,"TITIK 2 JEMBATAN GONDOLAYU Jl. Jend. Sudirman No.33, Cokrodiningratan, Kec. Jetis, Kota Yogyakarta, Daerah Istimewa Yogyakarta 55233, Indonesia","-7.782707,110.370940",Total Fosfat sebagai P,mg/L,2023,Mei,1.12,0.2,SNI 6989-31:2021
Air Sungai,708,Sungai Code Jembatan Gondolayu,"TITIK 2 JEMBATAN GONDOLAYU Jl. Jend. Sudirman No.33, Cokrodiningratan, Kec. Jetis, Kota Yogyakarta, Daerah Istimewa Yogyakarta 55233, Indonesia","-7.782707,110.370940",Residu Tersuspensi (TSS),mg/L,2023,Mei,26.0,50,SNI 6989.3-2019
Mikrobiologi Air Sungai,709,Sungai Code Jembatan Gondolayu,"TITIK 2 JEMBATAN GONDOLAYU Jl. Jend. Sudirman No.33, Cokrodiningratan, Kec. Jetis, Kota Yogyakarta, Daerah Istimewa Yogyakarta 55233, Indonesia","-7.782707,110.370940",Faecal Coliform,MPN/100 ml,2023,Mei,17.0,1000,"APHA 22nd Edition, 9221 E, 2012"
Mikrobiologi Air Sungai,709,Sungai Code Jembatan Gondolayu,"TITIK 2 JEMBATAN GONDOLAYU Jl. Jend. Sudirman No.33, Cokrodiningratan, Kec. Jetis, Kota Yogyakarta, Daerah Istimewa Yogyakarta 55233, Indonesia","-7.782707,110.370940",Total coliform,MPN/100 ml,2023,Mei,430.0,5000,"APHA 22nd Edition, 9221 B, 2012"
Air Sungai,732,Sungai Code Jembatan Gondolayu,"TITIK 2 JEMBATAN GONDOLAYU Jl. Jend. Sudirman No.33, Cokrodiningratan, Kec. Jetis, Kota Yogyakarta, Daerah Istimewa Yogyakarta 55233, Indonesia","-7.782707,110.370940",Residu Terlarut (TDS),mg/L,2023,Juni,195.6,1000,TDS portablemeter
Air Sungai,732,Sungai Code Jembatan Gondolayu,"TITIK 2 JEMBATAN GONDOLAYU Jl. Jend. Sudirman No.33, Cokrodiningratan, Kec. Jetis, Kota Yogyakarta, Daerah Istimewa Yogyakarta 55233, Indonesia","-7.782707,110.370940",Suhu,?C,2023,Juni,27.6,suhu udara ? 3?C,SNI 06 - 6989.23 - 2005
Air Sungai,732,Sungai Code Jembatan Gondolayu,"TITIK 2 JEMBATAN GONDOLAYU Jl. Jend. Sudirman No.33, Cokrodiningratan, Kec. Jetis, Kota Yogyakarta, Daerah Istimewa Yogyakarta 55233, Indonesia","-7.782707,110.370940",DHL,?mhos/cm,2023,Juni,304.0,Tidak dipersyaratkan,SNI 6989.1:2019
Air Sungai,732,Sungai Code Jembatan Gondolayu,"TITIK 2 JEMBATAN GONDOLAYU Jl. Jend. Sudirman No.33, Cokrodiningratan, Kec. Jetis, Kota Yogyakarta, Daerah Istimewa Yogyakarta 55233, Indonesia","-7.782707,110.370940",Warna,TCU,2023,Juni,183.8,50,SNI 6989.80:2011
Air Sungai,732,Sungai Code Jembatan Gondolayu,"TITIK 2 JEMBATAN GONDOLAYU Jl. Jend. Sudirman No.33, Cokrodiningratan, Kec. Jetis, Kota Yogyakarta, Daerah Istimewa Yogyakarta 55233, Indonesia","-7.782707,110.370940",pH,,2023,Juni,7.71,9-Jun,SNI 6989.11 : 2019
Air Sungai,732,Sungai Code Jembatan Gondolayu,"TITIK 2 JEMBATAN GONDOLAYU Jl. Jend. Sudirman No.33, Cokrodiningratan, Kec. Jetis, Kota Yogyakarta, Daerah Istimewa Yogyakarta 55233, Indonesia","-7.782707,110.370940",klorida,mg/L,2023,Juni,13.4,800,SNI 6989.19-2009
Air Sungai,732,Sungai Code Jembatan Gondolayu,"TITIK 2 JEMBATAN GONDOLAYU Jl. Jend. Sudirman No.33, Cokrodiningratan, Kec. Jetis, Kota Yogyakarta, Daerah Istimewa Yogyakarta 55233, Indonesia","-7.782707,110.370940",COD,mg/L,2023,Juni,13.5,25,SNI 6989.2-2019
Air Sungai,732,Sungai Code Jembatan Gondolayu,"TITIK 2 JEMBATAN GONDOLAYU Jl. Jend. Sudirman No.33, Cokrodiningratan, Kec. Jetis, Kota Yogyakarta, Daerah Istimewa Yogyakarta 55233, Indonesia","-7.782707,110.370940",BOD,mg/L,2023,Juni,3.3,3,SNI 6989.72 :2009
Air Sungai,732,Sungai Code Jembatan Gondolayu,"TITIK 2 JEMBATAN GONDOLAYU Jl. Jend. Sudirman No.33, Cokrodiningratan, Kec. Jetis, Kota Yogyakarta, Daerah Istimewa Yogyakarta 55233, Indonesia","-7.782707,110.370940",DO,mg/L,2023,Juni,5.5,4,APHA 4500-O G. 2017
Air Sungai,732,Sungai Code Jembatan Gondolayu,"TITIK 2 JEMBATAN GONDOLAYU Jl. Jend. Sudirman No.33, Cokrodiningratan, Kec. Jetis, Kota Yogyakarta, Daerah Istimewa Yogyakarta 55233, Indonesia","-7.782707,110.370940",Cu Terlarut,mg/L,2023,Juni,0.018,0.02,SNI 6989.6: 2009
Air Sungai,732,Sungai Code Jembatan Gondolayu,"TITIK 2 JEMBATAN GONDOLAYU Jl. Jend. Sudirman No.33, Cokrodiningratan, Kec. Jetis, Kota Yogyakarta, Daerah Istimewa Yogyakarta 55233, Indonesia","-7.782707,110.370940",Ortofosfat,mg/L,2023,Juni,0.59,Tidak dipersyaratkan,SNI 6989-31:2021
Air Sungai,732,Sungai Code Jembatan Gondolayu,"TITIK 2 JEMBATAN GONDOLAYU Jl. Jend. Sudirman No.33, Cokrodiningratan, Kec. Jetis, Kota Yogyakarta, Daerah Istimewa Yogyakarta 55233, Indonesia","-7.782707,110.370940",Nitrat Sebagai N,mg/L,2023,Juni,2.0,10,"SM APHA 23rd Ed, 4500-NO3-B 2017"
Air Sungai,732,Sungai Code Jembatan Gondolayu,"TITIK 2 JEMBATAN GONDOLAYU Jl. Jend. Sudirman No.33, Cokrodiningratan, Kec. Jetis, Kota Yogyakarta, Daerah Istimewa Yogyakarta 55233, Indonesia","-7.782707,110.370940",Nitrit Sebagai N,mg/L,2023,Juni,0.072,0.06,SNI 06-6989.9-2004
Air Sungai,732,Sungai Code Jembatan Gondolayu,"TITIK 2 JEMBATAN GONDOLAYU Jl. Jend. Sudirman No.33, Cokrodiningratan, Kec. Jetis, Kota Yogyakarta, Daerah Istimewa Yogyakarta 55233, Indonesia","-7.782707,110.370940",Zn terlarut,mg/L,2023,Juni,0.015,0.05,SNI-06-6989.84:2019
Air Sungai,732,Sungai Code Jembatan Gondolayu,"TITIK 2 JEMBATAN GONDOLAYU Jl. Jend. Sudirman No.33, Cokrodiningratan, Kec. Jetis, Kota Yogyakarta, Daerah Istimewa Yogyakarta 55233, Indonesia","-7.782707,110.370940",Sulfat,mg/L,2023,Juni,30.2,300,SNI 6989.20-2019
Air Sungai,732,Sungai Code Jembatan Gondolayu,"TITIK 2 JEMBATAN GONDOLAYU Jl. Jend. Sudirman No.33, Cokrodiningratan, Kec. Jetis, Kota Yogyakarta, Daerah Istimewa Yogyakarta 55233, Indonesia","-7.782707,110.370940",Total Fosfat sebagai P,mg/L,2023,Juni,0.51,0.2,SNI 6989-31:2021
Air Sungai,732,Sungai Code Jembatan Gondolayu,"TITIK 2 JEMBATAN GONDOLAYU Jl. Jend. Sudirman No.33, Cokrodiningratan, Kec. Jetis, Kota Yogyakarta, Daerah Istimewa Yogyakarta 55233, Indonesia","-7.782707,110.370940",Residu Tersuspensi (TSS),mg/L,2023,Juni,24.0,50,SNI 6989.3-2019
Mikrobiologi Air Sungai,733,Sungai Code Jembatan Gondolayu,"TITIK 2 JEMBATAN GONDOLAYU Jl. Jend. Sudirman No.33, Cokrodiningratan, Kec. Jetis, Kota Yogyakarta, Daerah Istimewa Yogyakarta 55233, Indonesia","-7.782707,110.370940",Faecal Coliform,MPN/100 ml,2023,Juni,21.0,1000,"APHA 22nd Edition, 9221 E, 2012"
Mikrobiologi Air Sungai,733,Sungai Code Jembatan Gondolayu,"TITIK 2 JEMBATAN GONDOLAYU Jl. Jend. Sudirman No.33, Cokrodiningratan, Kec. Jetis, Kota Yogyakarta, Daerah Istimewa Yogyakarta 55233, Indonesia","-7.782707,110.370940",Total coliform,MPN/100 ml,2023,Juni,350.0,5000,"APHA 22nd Edition, 9221 B, 2012"
